Date,Nivel,Rain
01/01/2004,0,0
02/01/2004,0,0
03/01/2004,0,0
04/01/2004,0,0
05/01/2004,0,0
06/01/2004,0,0
07/01/2004,0,0
08/01/2004,0,0
09/01/2004,0,0
10/01/2004,0,0
11/01/2004,0,0
12/01/2004,0,0
13/01/2004,0,0
14/01/2004,0,0
15/01/2004,0,0
16/01/2004,0,0
17/01/2004,0,0
18/01/2004,0,0
19/01/2004,0,0
20/01/2004,0,0
21/01/2004,0,0
22/01/2004,0,0
23/01/2004,0,0
24/01/2004,0,0
25/01/2004,0,0
26/01/2004,0,0
27/01/2004,0,3
28/01/2004,0,4
29/01/2004,0,0
30/01/2004,0,0
31/01/2004,0,0
01/02/2004,0,0
02/02/2004,0,0
03/02/2004,0,0
04/02/2004,0,0
05/02/2004,0,0
06/02/2004,0,0
07/02/2004,0,0
08/02/2004,0,0
09/02/2004,0,0
10/02/2004,0,0
11/02/2004,0,0
12/02/2004,0,0
13/02/2004,0,0
14/02/2004,0,0
15/02/2004,0,0
16/02/2004,0,0
17/02/2004,0,0
18/02/2004,0,0
19/02/2004,0,0
20/02/2004,0,0
21/02/2004,0,0
22/02/2004,0,0
23/02/2004,0,0
24/02/2004,0,0
25/02/2004,0,0
26/02/2004,0,0
27/02/2004,0,0
28/02/2004,0,0
29/02/2004,0,0
01/03/2004,0,0
02/03/2004,0,0
03/03/2004,0,0
04/03/2004,0,0
05/03/2004,0,0
06/03/2004,0,0
07/03/2004,0,0
08/03/2004,0,0
09/03/2004,0,0
10/03/2004,0,0
11/03/2004,0,0
12/03/2004,0,0
13/03/2004,0,0
14/03/2004,0,0
15/03/2004,0,0
16/03/2004,0,0
17/03/2004,0,0
18/03/2004,0,0
19/03/2004,0,0
20/03/2004,0,0
21/03/2004,0,0
22/03/2004,0,0
23/03/2004,0,0
24/03/2004,0,0
25/03/2004,0,0
26/03/2004,0,0
27/03/2004,0,0
28/03/2004,0,0
29/03/2004,0,0
30/03/2004,0,0
31/03/2004,0,0
01/04/2004,0,0
02/04/2004,0,0
03/04/2004,0,0
04/04/2004,0,0
05/04/2004,0,0
06/04/2004,0,0
07/04/2004,0,0
08/04/2004,0,0
09/04/2004,0,0
10/04/2004,0,0
11/04/2004,0,0
12/04/2004,0,0
13/04/2004,0,0
14/04/2004,0,0
15/04/2004,0,0
16/04/2004,0,0
17/04/2004,0,0
18/04/2004,0,0
19/04/2004,0,0
20/04/2004,0,0
21/04/2004,0,0
22/04/2004,0,0
23/04/2004,0,0
24/04/2004,0,0
25/04/2004,0,0
26/04/2004,0,0
27/04/2004,0,0
28/04/2004,0,0
29/04/2004,0,0
30/04/2004,0,0
01/05/2004,0,0
02/05/2004,0,0
03/05/2004,0,27
04/05/2004,0,46
05/05/2004,0,32
06/05/2004,0,29
07/05/2004,0,19
08/05/2004,0,8
09/05/2004,0,0
10/05/2004,0,0
11/05/2004,0,0
12/05/2004,0,0
13/05/2004,0,0
14/05/2004,0,0
15/05/2004,0,0
16/05/2004,0,0
17/05/2004,0,36
18/05/2004,0,9
19/05/2004,0,0
20/05/2004,0,0
21/05/2004,0,0
22/05/2004,0,0
23/05/2004,0,0
24/05/2004,0,3
25/05/2004,0,9
26/05/2004,0,0
27/05/2004,0,0
28/05/2004,0,0
29/05/2004,0,0
30/05/2004,0,0
31/05/2004,0,0
01/06/2004,0,22
02/06/2004,0,0
03/06/2004,0,0
04/06/2004,0,0
05/06/2004,0,0
06/06/2004,0,0
07/06/2004,0,0
08/06/2004,0,7
09/06/2004,0,11
10/06/2004,0,3
11/06/2004,0,9
12/06/2004,0,0
13/06/2004,0,0
14/06/2004,0,0
15/06/2004,0,0
16/06/2004,0,0
17/06/2004,0,0
18/06/2004,0,0
19/06/2004,0,0
20/06/2004,0,0
21/06/2004,0,0
22/06/2004,0,0
23/06/2004,0,0
24/06/2004,0,0
25/06/2004,0,0
26/06/2004,0,0
27/06/2004,0,0
28/06/2004,0,0
29/06/2004,0,0
30/06/2004,0,0
01/07/2004,0,0
02/07/2004,0,0
03/07/2004,0,4
04/07/2004,0,0
05/07/2004,0,0
06/07/2004,0,0
07/07/2004,0,0
08/07/2004,0,0
09/07/2004,0,0
10/07/2004,0,0
11/07/2004,0,38
12/07/2004,0,0
13/07/2004,0,3
14/07/2004,0,0
15/07/2004,0,0
16/07/2004,0,0
17/07/2004,0,0
18/07/2004,0,0
19/07/2004,0,0
20/07/2004,0,0
21/07/2004,0,0
22/07/2004,0,0
23/07/2004,0,0
24/07/2004,0,0
25/07/2004,0,0
26/07/2004,0,13
27/07/2004,0,0
28/07/2004,0,0
29/07/2004,0,12
30/07/2004,0,9
31/07/2004,0,0
01/08/2004,0,4
02/08/2004,0,0
03/08/2004,0,0
04/08/2004,0,13
05/08/2004,0,0
06/08/2004,0,8
07/08/2004,0,0
08/08/2004,0,0
09/08/2004,0,16
10/08/2004,0,0
11/08/2004,0,7
12/08/2004,0,0
13/08/2004,0,0
14/08/2004,0,5
15/08/2004,0,0
16/08/2004,0,0
17/08/2004,0,0
18/08/2004,0,0
19/08/2004,0,0
20/08/2004,0,0
21/08/2004,0,0
22/08/2004,0,0
23/08/2004,0,0
24/08/2004,0,0
25/08/2004,0,0
26/08/2004,0,0
27/08/2004,0,0
28/08/2004,0,0
29/08/2004,0,0
30/08/2004,0,0
31/08/2004,0,3
01/09/2004,0,0
02/09/2004,0,0
03/09/2004,0,3
04/09/2004,0,0
05/09/2004,0,2
06/09/2004,0,7
07/09/2004,0,0
08/09/2004,0,14
09/09/2004,0,0
10/09/2004,0,36
11/09/2004,0,0
12/09/2004,0,0
13/09/2004,0,0
14/09/2004,0,0
15/09/2004,0,3
16/09/2004,0,7
17/09/2004,0,0
18/09/2004,0,0
19/09/2004,0,0
20/09/2004,0,19
21/09/2004,0,11
22/09/2004,0,7
23/09/2004,0,13
24/09/2004,0,17
25/09/2004,0,0
26/09/2004,0,0
27/09/2004,0,3
28/09/2004,0,9
29/09/2004,0,6
30/09/2004,0,0
01/10/2004,0,0
02/10/2004,0,0
03/10/2004,0,14
04/10/2004,0,0
05/10/2004,0,0
06/10/2004,0,0
07/10/2004,0,0
08/10/2004,0,0
09/10/2004,0,0
10/10/2004,0,0
11/10/2004,0,0
12/10/2004,0,0
13/10/2004,0,14
14/10/2004,0,9
15/10/2004,0,0
16/10/2004,0,0
17/10/2004,0,24
18/10/2004,0,8
19/10/2004,0,38
20/10/2004,0,16
21/10/2004,0,11
22/10/2004,0,13
23/10/2004,0,7
24/10/2004,0,21
25/10/2004,0,0
26/10/2004,0,0
27/10/2004,0,7
28/10/2004,0,11
29/10/2004,0,23
30/10/2004,0,29
31/10/2004,0,47
01/11/2004,0,13
02/11/2004,0,0
03/11/2004,0,0
04/11/2004,0,0
05/11/2004,0,2
06/11/2004,20,91
07/11/2004,50,47
08/11/2004,57,39
09/11/2004,129,4
10/11/2004,133,0
11/11/2004,128,0
12/11/2004,123,0
13/11/2004,144,103
14/11/2004,158,0
15/11/2004,160,0
16/11/2004,164,0
17/11/2004,166,0
18/11/2004,166,0
19/11/2004,166,0
20/11/2004,165,0
21/11/2004,164,0
22/11/2004,163,0
23/11/2004,162,0
24/11/2004,161,0
25/11/2004,160,0
26/11/2004,159,11
27/11/2004,160,46
28/11/2004,160,4
29/11/2004,159,0
30/11/2004,159,0
01/12/2004,158,0
02/12/2004,158,0
03/12/2004,157,0
04/12/2004,157,0
05/12/2004,156,0
06/12/2004,156,0
07/12/2004,155,0
08/12/2004,155,0
09/12/2004,145,9
10/12/2004,131,0
11/12/2004,122,0
12/12/2004,110,0
13/12/2004,106,0
14/12/2004,102,0
15/12/2004,100,0
16/12/2004,98,0
17/12/2004,96,0
18/12/2004,94,0
19/12/2004,92,0
20/12/2004,90,0
21/12/2004,89,0
22/12/2004,87.5,0
23/12/2004,86.5,0
24/12/2004,86,0
25/12/2004,85,0
26/12/2004,83,0
27/12/2004,81,0
28/12/2004,79,0
29/12/2004,77,0
30/12/2004,75,0
31/12/2004,73,0
01/01/2005,71,0
02/01/2005,69,0
03/01/2005,67,0
04/01/2005,65.5,0
05/01/2005,64,0
06/01/2005,759,0
07/01/2005,62,0
08/01/2005,61.5,0
09/01/2005,61,0
10/01/2005,60.5,0
11/01/2005,60,0
12/01/2005,59.5,0
13/01/2005,59,0
14/01/2005,59,0
15/01/2005,59,0
16/01/2005,58.5,0
17/01/2005,58.5,0
18/01/2005,58.5,0
19/01/2005,58,0
20/01/2005,58,0
21/01/2005,58,0
22/01/2005,57.5,0
23/01/2005,57.5,0
24/01/2005,57.5,0
25/01/2005,57,0
26/01/2005,57,0
27/01/2005,57,0
28/01/2005,57,0
29/01/2005,56.5,0
30/01/2005,56.5,0
31/01/2005,56.5,0
01/02/2005,56.5,0
02/02/2005,56,0
03/02/2005,56,0
04/02/2005,56,0
05/02/2005,56,0
06/02/2005,55.5,0
07/02/2005,55.5,0
08/02/2005,55.5,0
09/02/2005,54.5,0
10/02/2005,53.5,0
11/02/2005,52.5,0
12/02/2005,51.6,0
13/02/2005,50.8,0
14/02/2005,50,0
15/02/2005,49.2,0
16/02/2005,48.4,0
17/02/2005,47.6,0
18/02/2005,46.8,0
19/02/2005,46,0
20/02/2005,45.2,0
21/02/2005,44.1,0
22/02/2005,43.6,0
23/02/2005,42.8,0
24/02/2005,42,0
25/02/2005,41.2,0
26/02/2005,40.4,0
27/02/2005,39.8,0
28/02/2005,38.2,0
01/03/2005,36.4,0
02/03/2005,34.6,0
03/03/2005,32.6,0
04/03/2005,30.6,0
05/03/2005,28.6,0
06/03/2005,26.6,0
07/03/2005,24.6,0
08/03/2005,22.6,0
09/03/2005,20.6,0
10/03/2005,18.6,0
11/03/2005,16.6,0
12/03/2005,14.8,0
13/03/2005,13.4,0
14/03/2005,12,0
15/03/2005,10.4,0
16/03/2005,8.6,0
17/03/2005,6.8,0
18/03/2005,5,0
19/03/2005,3.2,0
20/03/2005,1.9,0
21/03/2005,1.1,0
22/03/2005,0.4,0
23/03/2005,0,0
24/03/2005,0,0
25/03/2005,0,0
26/03/2005,0,0
27/03/2005,0,0
28/03/2005,0,0
29/03/2005,0,0
30/03/2005,0,0
31/03/2005,0,0
01/04/2005,0,0
02/04/2005,0,0
03/04/2005,0,0
04/04/2005,0,13
05/04/2005,0,3
06/04/2005,0,38
07/04/2005,0,0
08/04/2005,0,0
09/04/2005,0,0
10/04/2005,0,0
11/04/2005,0,0
12/04/2005,0,4
13/04/2005,0,0
14/04/2005,0,0
15/04/2005,0,0
16/04/2005,0,0
17/04/2005,0,0
18/04/2005,0,0
19/04/2005,0,0
20/04/2005,0,0
21/04/2005,0,0
22/04/2005,0,0
23/04/2005,0,0
24/04/2005,0,0
25/04/2005,0,0
26/04/2005,0,0
27/04/2005,0,0
28/04/2005,0,0
29/04/2005,0,0
30/04/2005,0,0
01/05/2005,0,0
02/05/2005,0,0
03/05/2005,0,0
04/05/2005,0,26
05/05/2005,0,8
06/05/2005,0,0
07/05/2005,0,0
08/05/2005,0,0
09/05/2005,0,0
10/05/2005,0,0
11/05/2005,0,0
12/05/2005,0,0
13/05/2005,0,0
14/05/2005,0,0
15/05/2005,0,0
16/05/2005,0,0
17/05/2005,0,0
18/05/2005,0,0
19/05/2005,0,0
20/05/2005,0,0
21/05/2005,0,0
22/05/2005,0,0
23/05/2005,0,0
24/05/2005,0,0
25/05/2005,0,0
26/05/2005,0,0
27/05/2005,0,0
28/05/2005,0,0
29/05/2005,0,0
30/05/2005,0,0
31/05/2005,0,0
01/06/2005,0,0
02/06/2005,0,0
03/06/2005,0,0
04/06/2005,0,0
05/06/2005,0,0
06/06/2005,0,0
07/06/2005,0,0
08/06/2005,0,0
09/06/2005,0,66
10/06/2005,427,0
11/06/2005,425,0
12/06/2005,423,0
13/06/2005,0,0
14/06/2005,0,0
15/06/2005,0,0
16/06/2005,0,0
17/06/2005,0,0
18/06/2005,0,0
19/06/2005,0,0
20/06/2005,0,0
21/06/2005,0,0
22/06/2005,0,0
23/06/2005,0,0
24/06/2005,0,0
25/06/2005,0,0
26/06/2005,0,0
27/06/2005,0,0
28/06/2005,0,0
29/06/2005,0,0
30/06/2005,0,0
01/07/2005,0,0
02/07/2005,0,0
03/07/2005,0,0
04/07/2005,0,0
05/07/2005,0,0
06/07/2005,0,3
07/07/2005,0,0
08/07/2005,0,0
09/07/2005,0,0
10/07/2005,0,0
11/07/2005,0,0
12/07/2005,0,0
13/07/2005,0,0
14/07/2005,0,0
15/07/2005,0,0
16/07/2005,0,0
17/07/2005,0,0
18/07/2005,0,0
19/07/2005,0,0
20/07/2005,0,2
21/07/2005,0,22
22/07/2005,0,14
23/07/2005,0,24
24/07/2005,0,26
25/07/2005,0,0
26/07/2005,0,0
27/07/2005,0,3
28/07/2005,0,0
29/07/2005,0,0
30/07/2005,0,0
31/07/2005,0,0
01/08/2005,0,11
02/08/2005,0,0
03/08/2005,0,0
04/08/2005,0,0
05/08/2005,0,0
06/08/2005,0,0
07/08/2005,0,0
08/08/2005,0,0
09/08/2005,0,0
10/08/2005,0,0
11/08/2005,0,0
12/08/2005,0,0
13/08/2005,0,0
14/08/2005,0,6
15/08/2005,0,17
16/08/2005,0,26
17/08/2005,0,17
18/08/2005,0,0
19/08/2005,0,0
20/08/2005,0,0
21/08/2005,0,3
22/08/2005,0,0
23/08/2005,0,0
24/08/2005,0,0
25/08/2005,0,0
26/08/2005,0,9
27/08/2005,0,6
28/08/2005,0,0
29/08/2005,0,0
30/08/2005,0,0
31/08/2005,0,3
01/09/2005,0,6
02/09/2005,0,0
03/09/2005,0,0
04/09/2005,0,0
05/09/2005,0,0
06/09/2005,0,0
07/09/2005,0,24
08/09/2005,0,16
09/09/2005,0,9
10/09/2005,0,14
11/09/2005,0,46
12/09/2005,0,0
13/09/2005,0,0
14/09/2005,0,0
15/09/2005,0,0
16/09/2005,0,0
17/09/2005,0,0
18/09/2005,0,0
19/09/2005,0,0
20/09/2005,0,0
21/09/2005,0,0
22/09/2005,0,0
23/09/2005,0,16
24/09/2005,0,0
25/09/2005,0,46
26/09/2005,0,46
27/09/2005,0,0
28/09/2005,0,0
29/09/2005,0,0
30/09/2005,0,8
01/10/2005,0,0
02/10/2005,0,0
03/10/2005,0,0
04/10/2005,0,0
05/10/2005,0,0
06/10/2005,0,0
07/10/2005,0,0
08/10/2005,0,0
09/10/2005,0,0
10/10/2005,0,7
11/10/2005,0,21
12/10/2005,0,46
13/10/2005,0,60
14/10/2005,0,25
15/10/2005,0,0
16/10/2005,0,5
17/10/2005,0,0
18/10/2005,0,0
19/10/2005,0,16
20/10/2005,32,39
21/10/2005,32,0
22/10/2005,32,0
23/10/2005,45,27
24/10/2005,78,29
25/10/2005,94,11
26/10/2005,111,41
27/10/2005,139,53
28/10/2005,361,163
29/10/2005,462,0
30/10/2005,523,0
31/10/2005,550,0
01/11/2005,569,4
02/11/2005,584,0
03/11/2005,596,0
04/11/2005,596,0
05/11/2005,617,43
06/11/2005,631,50
07/11/2005,726,82
08/11/2005,745,32
09/11/2005,756,34
10/11/2005,732,6
11/11/2005,676,0
12/11/2005,658,14
13/11/2005,647,0
14/11/2005,651,0
15/11/2005,654,0
16/11/2005,654,0
17/11/2005,654,0
18/11/2005,652,0
19/11/2005,651,0
20/11/2005,649,0
21/11/2005,647,16
22/11/2005,654,34
23/11/2005,674,46
24/11/2005,765,66
25/11/2005,784,23
26/11/2005,804,72
27/11/2005,782,26
28/11/2005,794,0
29/11/2005,797,0
30/11/2005,797,0
01/12/2005,797,0
02/12/2005,797,9
03/12/2005,831,113
04/12/2005,881,45
05/12/2005,832,11
06/12/2005,832,0
07/12/2005,832,0
08/12/2005,832,0
09/12/2005,832,0
10/12/2005,840,23
11/12/2005,810,27
12/12/2005,771,15
13/12/2005,881,201
14/12/2005,881,0
15/12/2005,881,0
16/12/2005,881,0
17/12/2005,881,0
18/12/2005,881,32
19/12/2005,792,85
20/12/2005,806,20
21/12/2005,824,0
22/12/2005,812,0
23/12/2005,800,0
24/12/2005,788,0
25/12/2005,760,0
26/12/2005,748,0
27/12/2005,760,0
28/12/2005,755,0
29/12/2005,760,0
30/12/2005,763,0
31/12/2005,764,0
01/01/2006,763,0
02/01/2006,762,0
03/01/2006,760,0
04/01/2006,759,0
05/01/2006,759,0
06/01/2006,759,0
07/01/2006,758,0
08/01/2006,757,0
09/01/2006,757,0
10/01/2006,757,0
11/01/2006,755,0
12/01/2006,754,0
13/01/2006,754,0
14/01/2006,753,0
15/01/2006,752,0
16/01/2006,751,0
17/01/2006,750,0
18/01/2006,749,0
19/01/2006,747,0
20/01/2006,745,0
21/01/2006,743,0
22/01/2006,741,0
23/01/2006,739,0
24/01/2006,737,0
25/01/2006,735,0
26/01/2006,733,0
27/01/2006,731,0
28/01/2006,729,0
29/01/2006,727,0
30/01/2006,725,0
31/01/2006,723,0
01/02/2006,721,0
02/02/2006,719,0
03/02/2006,717,0
04/02/2006,715,0
05/02/2006,713,0
06/02/2006,711,0
07/02/2006,709,0
08/02/2006,707,0
09/02/2006,705,0
10/02/2006,703,0
11/02/2006,701,0
12/02/2006,699,0
13/02/2006,697,0
14/02/2006,695,0
15/02/2006,693,0
16/02/2006,691,0
17/02/2006,689,0
18/02/2006,687,0
19/02/2006,685,0
20/02/2006,683,0
21/02/2006,681,0
22/02/2006,679,0
23/02/2006,677,0
24/02/2006,675,0
25/02/2006,673,0
26/02/2006,671,0
27/02/2006,669,0
28/02/2006,667,0
01/03/2006,665,0
02/03/2006,663,0
03/03/2006,661,0
04/03/2006,661,4
05/03/2006,657,0
06/03/2006,655,0
07/03/2006,653,0
08/03/2006,651,0
09/03/2006,649,0
10/03/2006,646,0
11/03/2006,643,0
12/03/2006,640,0
13/03/2006,637,0
14/03/2006,634,0
15/03/2006,631,0
16/03/2006,629,0
17/03/2006,627,0
18/03/2006,624,4
19/03/2006,622,0
20/03/2006,619,0
21/03/2006,617,0
22/03/2006,615,0
23/03/2006,613,0
24/03/2006,611,0
25/03/2006,607,0
26/03/2006,603,0
27/03/2006,600,0
28/03/2006,596,0
29/03/2006,593,0
30/03/2006,590,0
31/03/2006,587,0
01/04/2006,585,0
02/04/2006,583,0
03/04/2006,581,0
04/04/2006,579,0
05/04/2006,577,0
06/04/2006,575,0
07/04/2006,573,0
08/04/2006,571,0
09/04/2006,569,0
10/04/2006,567,0
11/04/2006,564,0
12/04/2006,561,0
13/04/2006,558,0
14/04/2006,555,0
15/04/2006,552,0
16/04/2006,549,0
17/04/2006,545,0
18/04/2006,543,37
19/04/2006,540,0
20/04/2006,537,0
21/04/2006,536,0
22/04/2006,535,0
23/04/2006,534,0
24/04/2006,533,0
25/04/2006,532,0
26/04/2006,531,0
27/04/2006,529,0
28/04/2006,527,0
29/04/2006,525,0
30/04/2006,523,0
01/05/2006,521,0
02/05/2006,519,0
03/05/2006,517,4
04/05/2006,515,0
05/05/2006,513,0
06/05/2006,511,0
07/05/2006,509,0
08/05/2006,507,0
09/05/2006,505,0
10/05/2006,503,0
11/05/2006,501,0
12/05/2006,498,0
13/05/2006,495,0
14/05/2006,492,0
15/05/2006,489,0
16/05/2006,486,0
17/05/2006,483,0
18/05/2006,480,0
19/05/2006,477,0
20/05/2006,474,0
21/05/2006,471,0
22/05/2006,468,0
23/05/2006,465,0
24/05/2006,462,0
25/05/2006,459,0
26/05/2006,456,6
27/05/2006,453,6
28/05/2006,450,0
29/05/2006,447,0
30/05/2006,444,0
31/05/2006,441,0
01/06/2006,439,0
02/06/2006,437,0
03/06/2006,435,0
04/06/2006,434,21
05/06/2006,433,13
06/06/2006,432,19
07/06/2006,431,0
08/06/2006,430,0
09/06/2006,429,0
10/06/2006,427,0
11/06/2006,425,0
12/06/2006,423,0
13/06/2006,420,0
14/06/2006,417,9
15/06/2006,414,0
16/06/2006,411,0
17/06/2006,408,0
18/06/2006,405,0
19/06/2006,402,0
20/06/2006,399,0
21/06/2006,396,8
22/06/2006,393,0
23/06/2006,393,27
24/06/2006,394,14
25/06/2006,391,0
26/06/2006,388,0
27/06/2006,388,42
28/06/2006,389,27
29/06/2006,389,0
30/06/2006,389,0
01/07/2006,387,0
02/07/2006,385,0
03/07/2006,383,0
04/07/2006,381,0
05/07/2006,379,0
06/07/2006,377,0
07/07/2006,375,0
08/07/2006,373,0
09/07/2006,371,0
10/07/2006,369,0
11/07/2006,367,0
12/07/2006,365,3
13/07/2006,363,8
14/07/2006,361,0
15/07/2006,359,0
16/07/2006,357,0
17/07/2006,355,0
18/07/2006,353,0
19/07/2006,351,0
20/07/2006,349,13
21/07/2006,347,0
22/07/2006,345,0
23/07/2006,343,0
24/07/2006,341,0
25/07/2006,339,8
26/07/2006,337,0
27/07/2006,335,0
28/07/2006,333,13
29/07/2006,331,5
30/07/2006,329,0
31/07/2006,327,0
01/08/2006,325,0
02/08/2006,323,0
03/08/2006,321,0
04/08/2006,319,2
05/08/2006,317,17
06/08/2006,315,0
07/08/2006,313,11
08/08/2006,311,7
09/08/2006,309,0
10/08/2006,307,0
11/08/2006,306,16
12/08/2006,305,6
13/08/2006,293,0
14/08/2006,282,19
15/08/2006,271,18
16/08/2006,260,13
17/08/2006,244,11
18/08/2006,228,0
19/08/2006,212,0
20/08/2006,212,0
21/08/2006,212,0
22/08/2006,212,0
23/08/2006,211,0
24/08/2006,211,0
25/08/2006,211,0
26/08/2006,210,0
27/08/2006,210,0
28/08/2006,210,0
29/08/2006,209,0
30/08/2006,209,0
31/08/2006,209,0
01/09/2006,208,0
02/09/2006,208,0
03/09/2006,208,4
04/09/2006,208,13
05/09/2006,207,0
06/09/2006,207,0
07/09/2006,207,0
08/09/2006,207,0
09/09/2006,206,0
10/09/2006,206,0
11/09/2006,206,0
12/09/2006,205,0
13/09/2006,205,0
14/09/2006,205,0
15/09/2006,205,9
16/09/2006,205,0
17/09/2006,204,0
18/09/2006,205,11
19/09/2006,205,0
20/09/2006,205,7
21/09/2006,207,13
22/09/2006,210,22
23/09/2006,210,0
24/09/2006,210,0
25/09/2006,215,60
26/09/2006,226,32
27/09/2006,228,4
28/09/2006,230,4
29/09/2006,230,0
30/09/2006,230,0
01/10/2006,229,0
02/10/2006,230,7
03/10/2006,232,13
04/10/2006,232,0
05/10/2006,234,14
06/10/2006,235,0
07/10/2006,235,0
08/10/2006,235,0
09/10/2006,234,0
10/10/2006,234,0
11/10/2006,233,0
12/10/2006,233,0
13/10/2006,232,0
14/10/2006,232,0
15/10/2006,231,0
16/10/2006,231,0
17/10/2006,230,0
18/10/2006,230,0
19/10/2006,232,17
20/10/2006,236,22
21/10/2006,236,0
22/10/2006,236,12
23/10/2006,236,9
24/10/2006,236,6
25/10/2006,240,43
26/10/2006,246,81
27/10/2006,293,17
28/10/2006,353,97
29/10/2006,445,74
30/10/2006,500,10
31/10/2006,525,0
01/11/2006,540,9
02/11/2006,545,13
03/11/2006,560,12
04/11/2006,574,17
05/11/2006,584,0
06/11/2006,594,0
07/11/2006,606,11
08/11/2006,619,4
09/11/2006,631,7
10/11/2006,637,3
11/11/2006,647,23
12/11/2006,657,5
13/11/2006,673,32
14/11/2006,687,9
15/11/2006,703,78
16/11/2006,717,21
17/11/2006,729,3
18/11/2006,744,5
19/11/2006,770,45
20/11/2006,786,4
21/11/2006,790,0
22/11/2006,784,0
23/11/2006,775,0
24/11/2006,773,0
25/11/2006,774,0
26/11/2006,775,0
27/11/2006,777,0
28/11/2006,758,0
29/11/2006,742,0
30/11/2006,725,7
01/12/2006,708,0
02/12/2006,691,0
03/12/2006,672,0
04/12/2006,656,0
05/12/2006,639,0
06/12/2006,622,0
07/12/2006,605,0
08/12/2006,587,0
09/12/2006,569,0
10/12/2006,551,0
11/12/2006,533,5
12/12/2006,516,5
13/12/2006,499,0
14/12/2006,491,0
15/12/2006,484,0
16/12/2006,491,0
17/12/2006,493,0
18/12/2006,494,0
19/12/2006,495,0
20/12/2006,495,0
21/12/2006,495,0
22/12/2006,493,0
23/12/2006,491,0
24/12/2006,489,0
25/12/2006,487,0
26/12/2006,485,0
27/12/2006,483,0
28/12/2006,481,0
29/12/2006,479,0
30/12/2006,477,0
31/12/2006,475,0
01/01/2007,473,0
02/01/2007,471,0
03/01/2007,469,0
04/01/2007,467,0
05/01/2007,465,0
06/01/2007,463,0
07/01/2007,461,0
08/01/2007,460,0
09/01/2007,459,0
10/01/2007,458,0
11/01/2007,464,0
12/01/2007,470,0
13/01/2007,474,0
14/01/2007,477,0
15/01/2007,480,0
16/01/2007,483,0
17/01/2007,486,0
18/01/2007,489,0
19/01/2007,492,0
20/01/2007,499,0
21/01/2007,504,0
22/01/2007,509,0
23/01/2007,512,0
24/01/2007,515,0
25/01/2007,519,0
26/01/2007,523,0
27/01/2007,527,0
28/01/2007,531,0
29/01/2007,534,0
30/01/2007,537,0
31/01/2007,541,0
01/02/2007,545,0
02/02/2007,549,0
03/02/2007,555,0
04/02/2007,560,0
05/02/2007,561,0
06/02/2007,564,0
07/02/2007,566,0
08/02/2007,570,0
09/02/2007,570,0
10/02/2007,569,0
11/02/2007,569,0
12/02/2007,567,0
13/02/2007,566,0
14/02/2007,562,2
15/02/2007,560,0
16/02/2007,558,0
17/02/2007,555,0
18/02/2007,552,0
19/02/2007,550,0
20/02/2007,548,0
21/02/2007,545,0
22/02/2007,543,0
23/02/2007,540,0
24/02/2007,538,0
25/02/2007,536,0
26/02/2007,533,0
27/02/2007,530,0
28/02/2007,527,0
01/03/2007,524,0
02/03/2007,521,0
03/03/2007,518,0
04/03/2007,515,0
05/03/2007,512,0
06/03/2007,509,0
07/03/2007,507,0
08/03/2007,504,0
09/03/2007,502,0
10/03/2007,500,0
11/03/2007,498,0
12/03/2007,496,0
13/03/2007,494,0
14/03/2007,492,0
15/03/2007,490,0
16/03/2007,488,0
17/03/2007,486,0
18/03/2007,484,0
19/03/2007,482,0
20/03/2007,480,0
21/03/2007,477,0
22/03/2007,475,0
23/03/2007,455,0
24/03/2007,437,0
25/03/2007,419,0
26/03/2007,402,0
27/03/2007,384,0
28/03/2007,366,0
29/03/2007,348,0
30/03/2007,330,0
31/03/2007,312,0
01/04/2007,294,0
02/04/2007,276,0
03/04/2007,258,0
04/04/2007,240,0
05/04/2007,222,0
06/04/2007,204,0
07/04/2007,186,0
08/04/2007,168,0
09/04/2007,150,0
10/04/2007,132,0
11/04/2007,115,0
12/04/2007,99,0
13/04/2007,88,0
14/04/2007,80,0
15/04/2007,72,0
16/04/2007,66,0
17/04/2007,61,0
18/04/2007,57,0
19/04/2007,54,0
20/04/2007,54,0
21/04/2007,54,0
22/04/2007,53,0
23/04/2007,53,0
24/04/2007,52,0
25/04/2007,52,0
26/04/2007,51,0
27/04/2007,51,0
28/04/2007,50,0
29/04/2007,50,0
30/04/2007,49,0
01/05/2007,49,0
02/05/2007,48,0
03/05/2007,48,0
04/05/2007,47,0
05/05/2007,47,0
06/05/2007,47,0
07/05/2007,46,0
08/05/2007,46,0
09/05/2007,46,0
10/05/2007,45,0
11/05/2007,45,0
12/05/2007,45,0
13/05/2007,44,0
14/05/2007,44,0
15/05/2007,44,0
16/05/2007,43,0
17/05/2007,43,0
18/05/2007,43,0
19/05/2007,42,0
20/05/2007,42,0
21/05/2007,42,0
22/05/2007,41,0
23/05/2007,41,0
24/05/2007,41,0
25/05/2007,40,0
26/05/2007,40,0
27/05/2007,40,0
28/05/2007,40,0
29/05/2007,40,0
30/05/2007,40,0
31/05/2007,40,0
01/06/2007,39,0
02/06/2007,39,0
03/06/2007,39,0
04/06/2007,39,0
05/06/2007,39,0
06/06/2007,39,0
07/06/2007,38,0
08/06/2007,38,0
09/06/2007,38,0
10/06/2007,38,2
11/06/2007,38,4
12/06/2007,38,0
13/06/2007,37,0
14/06/2007,37,0
15/06/2007,37,4
16/06/2007,37,9
17/06/2007,37,0
18/06/2007,37,2
19/06/2007,37,3
20/06/2007,37,5
21/06/2007,37,2
22/06/2007,38,24
23/06/2007,38,2
24/06/2007,38,0
25/06/2007,38,0
26/06/2007,37,0
27/06/2007,37,4
28/06/2007,37,2
29/06/2007,37,0
30/06/2007,37,0
01/07/2007,37,0
02/07/2007,37,0
03/07/2007,37,0
04/07/2007,36,0
05/07/2007,36,0
06/07/2007,37,9
07/07/2007,37,2
08/07/2007,37,0
09/07/2007,37,3
10/07/2007,37,5
11/07/2007,39,17
12/07/2007,40,14
13/07/2007,45,49
14/07/2007,46,7
15/07/2007,46,4
16/07/2007,47,13
17/07/2007,47,0
18/07/2007,47,0
19/07/2007,47,0
20/07/2007,47,4
21/07/2007,47,0
22/07/2007,50,77
23/07/2007,50,0
24/07/2007,50,0
25/07/2007,50,0
26/07/2007,50,0
27/07/2007,50,0
28/07/2007,50,0
29/07/2007,51,60
30/07/2007,52,19
31/07/2007,53,2
01/08/2007,56,46
02/08/2007,58,0
03/08/2007,58,0
04/08/2007,58,0
05/08/2007,58,0
06/08/2007,58,2
07/08/2007,58,0
08/08/2007,58,0
09/08/2007,58,0
10/08/2007,58,0
11/08/2007,58,0
12/08/2007,58,0
13/08/2007,58,0
14/08/2007,57,0
15/08/2007,57,0
16/08/2007,57,0
17/08/2007,57,0
18/08/2007,57,0
19/08/2007,57,10
20/08/2007,57,0
21/08/2007,57,7
22/08/2007,57,0
23/08/2007,61,60
24/08/2007,61,0
25/08/2007,61,0
26/08/2007,64,53
27/08/2007,64,0
28/08/2007,64,2
29/08/2007,64,2
30/08/2007,66,54
31/08/2007,68,22
01/09/2007,68,0
02/09/2007,68,0
03/09/2007,68,7
04/09/2007,68,0
05/09/2007,68,2
06/09/2007,72,37
07/09/2007,72,0
08/09/2007,75,0
09/09/2007,80,37
10/09/2007,85,0
11/09/2007,90,0
12/09/2007,95,0
13/09/2007,100,0
14/09/2007,105,4
15/09/2007,110,0
16/09/2007,115,2
17/09/2007,119,0
18/09/2007,123,0
19/09/2007,126,0
20/09/2007,128,0
21/09/2007,128,0
22/09/2007,128,0
23/09/2007,128,0
24/09/2007,128,0
25/09/2007,128,0
26/09/2007,128,0
27/09/2007,128,0
28/09/2007,128,3
29/09/2007,128,0
30/09/2007,130,32
01/10/2007,130,0
02/10/2007,135,2
03/10/2007,140,0
04/10/2007,145,0
05/10/2007,150,0
06/10/2007,154,0
07/10/2007,158,2
08/10/2007,162,0
09/10/2007,166,0
10/10/2007,170,0
11/10/2007,172,0
12/10/2007,174,0
13/10/2007,176,0
14/10/2007,178,0
15/10/2007,180,0
16/10/2007,182,0
17/10/2007,606,0
18/10/2007,186,0
19/10/2007,188,0
20/10/2007,190,0
21/10/2007,192,0
22/10/2007,194,0
23/10/2007,196,5
24/10/2007,202,64
25/10/2007,207,21
26/10/2007,209,10
27/10/2007,212,4
28/10/2007,216,54
29/10/2007,232,95
30/10/2007,342,3
31/10/2007,387,0
01/11/2007,431,0
02/11/2007,462,0
03/11/2007,478,5
04/11/2007,496,9
05/11/2007,529,41
06/11/2007,548,0
07/11/2007,562,0
08/11/2007,574,0
09/11/2007,584,0
10/11/2007,594,0
11/11/2007,597,0
12/11/2007,600,0
13/11/2007,602,0
14/11/2007,603,0
15/11/2007,604,0
16/11/2007,605,0
17/11/2007,606,0
18/11/2007,607,0
19/11/2007,608,2
20/11/2007,611,62
21/11/2007,628,40
22/11/2007,636,0
23/11/2007,644,0
24/11/2007,651,0
25/11/2007,653,0
26/11/2007,655,0
27/11/2007,656,0
28/11/2007,657,0
29/11/2007,658,0
30/11/2007,659,0
01/12/2007,660,0
02/12/2007,661,0
03/12/2007,662,8
04/12/2007,663,4
05/12/2007,664,0
06/12/2007,665,7
07/12/2007,666,16
08/12/2007,667,2
09/12/2007,668,0
10/12/2007,669,0
11/12/2007,670,0
12/12/2007,671,0
13/12/2007,672,0
14/12/2007,673,0
15/12/2007,674,0
16/12/2007,675,0
17/12/2007,676,0
18/12/2007,677,30
19/12/2007,694,77
20/12/2007,821,105
21/12/2007,881,0
22/12/2007,881,0
23/12/2007,867,0
24/12/2007,867,0
25/12/2007,840,0
26/12/2007,840,0
27/12/2007,856,0
28/12/2007,875,0
29/12/2007,881,0
30/12/2007,881,0
31/12/2007,881,0
01/01/2008,881,0
02/01/2008,880,0
03/01/2008,878,0
04/01/2008,881,52
05/01/2008,881,79
06/01/2008,881,0
07/01/2008,881,0
08/01/2008,881,0
09/01/2008,881,0
10/01/2008,881,0
11/01/2008,881,0
12/01/2008,881,0
13/01/2008,881,0
14/01/2008,881,0
15/01/2008,881,0
16/01/2008,881,0
17/01/2008,881,0
18/01/2008,881,0
19/01/2008,881,0
20/01/2008,881,0
21/01/2008,881,0
22/01/2008,881,0
23/01/2008,881,0
24/01/2008,880,0
25/01/2008,878,0
26/01/2008,877,0
27/01/2008,875,0
28/01/2008,874,0
29/01/2008,872,0
30/01/2008,871,0
31/01/2008,869,0
01/02/2008,867,0
02/02/2008,865,0
03/02/2008,862,0
04/02/2008,859,0
05/02/2008,856,0
06/02/2008,853,0
07/02/2008,851,0
08/02/2008,849,0
09/02/2008,847,0
10/02/2008,845,0
11/02/2008,842,4
12/02/2008,839,0
13/02/2008,836,0
14/02/2008,833,0
15/02/2008,830,0
16/02/2008,830,0
17/02/2008,825,0
18/02/2008,822,0
19/02/2008,819,0
20/02/2008,816,0
21/02/2008,813,0
22/02/2008,810,0
23/02/2008,807,0
24/02/2008,804,0
25/02/2008,800,0
26/02/2008,797,0
27/02/2008,794,0
28/02/2008,791,0
29/02/2008,788,0
01/03/2008,785,0
02/03/2008,782,0
03/03/2008,779,0
04/03/2008,776,0
05/03/2008,773,0
06/03/2008,770,0
07/03/2008,767,0
08/03/2008,764,0
09/03/2008,761,0
10/03/2008,758,0
11/03/2008,755,0
12/03/2008,752,48
13/03/2008,749,0
14/03/2008,753,42
15/03/2008,758,21
16/03/2008,758,0
17/03/2008,758,0
18/03/2008,758,0
19/03/2008,758,0
20/03/2008,758,0
21/03/2008,758,5
22/03/2008,764,65
23/03/2008,769,0
24/03/2008,769,0
25/03/2008,769,0
26/03/2008,768,0
27/03/2008,767,0
28/03/2008,766,0
29/03/2008,764,0
30/03/2008,761,0
31/03/2008,759,0
01/04/2008,756,0
02/04/2008,754,0
03/04/2008,752,0
04/04/2008,750,0
05/04/2008,748,0
06/04/2008,746,0
07/04/2008,744,0
08/04/2008,742,0
09/04/2008,740,0
10/04/2008,738,0
11/04/2008,736,0
12/04/2008,733,0
13/04/2008,730,0
14/04/2008,727,0
15/04/2008,724,0
16/04/2008,721,0
17/04/2008,718,0
18/04/2008,715,0
19/04/2008,712,0
20/04/2008,709,0
21/04/2008,706,0
22/04/2008,703,0
23/04/2008,700,0
24/04/2008,697,0
25/04/2008,694,0
26/04/2008,691,0
27/04/2008,688,0
28/04/2008,685,0
29/04/2008,682,0
30/04/2008,679,0
01/05/2008,676,0
02/05/2008,673,0
03/05/2008,670,0
04/05/2008,667,0
05/05/2008,664,0
06/05/2008,661,0
07/05/2008,658,0
08/05/2008,655,0
09/05/2008,652,0
10/05/2008,649,0
11/05/2008,646,0
12/05/2008,643,0
13/05/2008,640,0
14/05/2008,637,0
15/05/2008,634,0
16/05/2008,631,0
17/05/2008,628,0
18/05/2008,625,0
19/05/2008,622,0
20/05/2008,619,0
21/05/2008,616,0
22/05/2008,613,0
23/05/2008,610,0
24/05/2008,607,0
25/05/2008,604,0
26/05/2008,601,0
27/05/2008,598,0
28/05/2008,595,0
29/05/2008,592,0
30/05/2008,589,0
31/05/2008,586,0
01/06/2008,583,0
02/06/2008,580,0
03/06/2008,577,0
04/06/2008,574,0
05/06/2008,571,0
06/06/2008,568,4
07/06/2008,565,0
08/06/2008,562,4
09/06/2008,559,0
10/06/2008,556,0
11/06/2008,553,0
12/06/2008,550,2
13/06/2008,547,0
14/06/2008,544,0
15/06/2008,541,0
16/06/2008,538,0
17/06/2008,535,0
18/06/2008,532,0
19/06/2008,529,0
20/06/2008,526,0
21/06/2008,523,0
22/06/2008,525,54
23/06/2008,525,0
24/06/2008,523,0
25/06/2008,520,0
26/06/2008,518,4
27/06/2008,517,2
28/06/2008,516,27
29/06/2008,516,19
30/06/2008,515,0
01/07/2008,514,0
02/07/2008,513,12
03/07/2008,512,0
04/07/2008,511,3
05/07/2008,510,0
06/07/2008,508,0
07/07/2008,507,0
08/07/2008,506,0
09/07/2008,504,0
10/07/2008,503,38
11/07/2008,502,0
12/07/2008,500,0
13/07/2008,498,0
14/07/2008,495,0
15/07/2008,492,0
16/07/2008,489,0
17/07/2008,486,0
18/07/2008,471,0
19/07/2008,458,3
20/07/2008,445,0
21/07/2008,432,0
22/07/2008,419,0
23/07/2008,406,0
24/07/2008,393,0
25/07/2008,380,2
26/07/2008,367,0
27/07/2008,354,3
28/07/2008,341,2
29/07/2008,328,16
30/07/2008,315,0
31/07/2008,302,2
01/08/2008,289,0
02/08/2008,276,0
03/08/2008,263,0
04/08/2008,250,0
05/08/2008,237,0
06/08/2008,224,0
07/08/2008,211,0
08/08/2008,198,0
09/08/2008,185,3
10/08/2008,183,0
11/08/2008,181,6
12/08/2008,179,0
13/08/2008,178,0
14/08/2008,177,2
15/08/2008,176,0
16/08/2008,175,0
17/08/2008,174,0
18/08/2008,173,7
19/08/2008,172,0
20/08/2008,174,56
21/08/2008,182,0
22/08/2008,191,22
23/08/2008,193,0
24/08/2008,197,6
25/08/2008,197,0
26/08/2008,197,0
27/08/2008,197,0
28/08/2008,197,0
29/08/2008,197,0
30/08/2008,197,0
31/08/2008,197,0
01/09/2008,184,0
02/09/2008,172,17
03/09/2008,161,0
04/09/2008,148,0
05/09/2008,135,0
06/09/2008,122,0
07/09/2008,114,11
08/09/2008,106,2
09/09/2008,99,0
10/09/2008,92,4
11/09/2008,85,9
12/09/2008,81,3
13/09/2008,79,0
14/09/2008,78,0
15/09/2008,77,14
16/09/2008,76,0
17/09/2008,76,0
18/09/2008,76,0
19/09/2008,75,0
20/09/2008,75,0
21/09/2008,75,0
22/09/2008,75,0
23/09/2008,75,0
24/09/2008,75,0
25/09/2008,90,50
26/09/2008,95,2
27/09/2008,95,0
28/09/2008,95,0
29/09/2008,95,0
30/09/2008,97,34
01/10/2008,97,0
02/10/2008,97,0
03/10/2008,97,0
04/10/2008,99,27
05/10/2008,99,0
06/10/2008,99,0
07/10/2008,99,0
08/10/2008,99,0
09/10/2008,99,0
10/10/2008,98,0
11/10/2008,98,0
12/10/2008,98,3
13/10/2008,111,42
14/10/2008,120,13
15/10/2008,121,0
16/10/2008,121,4
17/10/2008,122,6
18/10/2008,124,13
19/10/2008,125,6
20/10/2008,132,27
21/10/2008,180,112
22/10/2008,210,7
23/10/2008,257,40
24/10/2008,279,0
25/10/2008,310,68
26/10/2008,320,0
27/10/2008,324,0
28/10/2008,325,0
29/10/2008,325,0
30/10/2008,325,0
31/10/2008,325,0
01/11/2008,325,0
02/11/2008,325,0
03/11/2008,325,0
04/11/2008,325,0
05/11/2008,325,0
06/11/2008,325,0
07/11/2008,325,0
08/11/2008,325,0
09/11/2008,325,0
10/11/2008,325,0
11/11/2008,325,12
12/11/2008,325,0
13/11/2008,324,5
14/11/2008,324,0
15/11/2008,324,0
16/11/2008,331,55
17/11/2008,333,0
18/11/2008,335,0
19/11/2008,335,0
20/11/2008,335,0
21/11/2008,335,0
22/11/2008,345,65
23/11/2008,360,26
24/11/2008,372,12
25/11/2008,389,0
26/11/2008,398,32
27/11/2008,456,95
28/11/2008,609,136
29/11/2008,765,82
30/11/2008,871,25
01/12/2008,881,7
02/12/2008,881,0
03/12/2008,881,0
04/12/2008,881,0
05/12/2008,881,0
06/12/2008,881,0
07/12/2008,881,0
08/12/2008,881,0
09/12/2008,881,2
10/12/2008,881,2
11/12/2008,881,0
12/12/2008,881,0
13/12/2008,881,0
14/12/2008,881,0
15/12/2008,881,0
16/12/2008,881,0
17/12/2008,881,0
18/12/2008,881,0
19/12/2008,881,0
20/12/2008,881,0
21/12/2008,881,0
22/12/2008,881,0
23/12/2008,881,0
24/12/2008,881,0
25/12/2008,881,0
26/12/2008,881,0
27/12/2008,881,0
28/12/2008,881,0
29/12/2008,880,0
30/12/2008,878,0
31/12/2008,875,0
01/01/2009,872,0
02/01/2009,869,0
03/01/2009,867,0
04/01/2009,862,0
05/01/2009,858,0
06/01/2009,854,0
07/01/2009,850,0
08/01/2009,847,2
09/01/2009,844,0
10/01/2009,841,0
11/01/2009,838,0
12/01/2009,835,0
13/01/2009,832,0
14/01/2009,829,5
15/01/2009,826,0
16/01/2009,824,0
17/01/2009,821,0
18/01/2009,818,0
19/01/2009,815,0
20/01/2009,812,0
21/01/2009,809,0
22/01/2009,806,0
23/01/2009,803,0
24/01/2009,801,0
25/01/2009,798,0
26/01/2009,795,0
27/01/2009,792,0
28/01/2009,789,0
29/01/2009,786,0
30/01/2009,783,0
31/01/2009,780,0
01/02/2009,778,0
02/02/2009,776,0
03/02/2009,774,0
04/02/2009,772,0
05/02/2009,769,0
06/02/2009,767,0
07/02/2009,765,0
08/02/2009,763,0
09/02/2009,761,0
10/02/2009,759,0
11/02/2009,757,0
12/02/2009,755,0
13/02/2009,753,0
14/02/2009,750,0
15/02/2009,747,0
16/02/2009,744,0
17/02/2009,741,0
18/02/2009,738,0
19/02/2009,735,0
20/02/2009,732,0
21/02/2009,729,0
22/02/2009,726,0
23/02/2009,723,0
24/02/2009,720,0
25/02/2009,717,0
26/02/2009,714,0
27/02/2009,711,0
28/02/2009,708,0
01/03/2009,705,0
02/03/2009,702,0
03/03/2009,699,0
04/03/2009,696,0
05/03/2009,693,0
06/03/2009,690,0
07/03/2009,687,0
08/03/2009,684,0
09/03/2009,681,0
10/03/2009,678,0
11/03/2009,672,2
12/03/2009,669,0
13/03/2009,666,0
14/03/2009,663,0
15/03/2009,660,0
16/03/2009,657,0
17/03/2009,654,0
18/03/2009,651,0
19/03/2009,648,0
20/03/2009,646,0
21/03/2009,644,0
22/03/2009,642,0
23/03/2009,640,0
24/03/2009,638,0
25/03/2009,637,0
26/03/2009,635,0
27/03/2009,634,0
28/03/2009,632,0
29/03/2009,630,0
30/03/2009,628,0
31/03/2009,627,0
01/04/2009,625,0
02/04/2009,623,0
03/04/2009,621,0
04/04/2009,619,0
05/04/2009,617,0
06/04/2009,614,0
07/04/2009,611,0
08/04/2009,608,0
09/04/2009,605,0
10/04/2009,602,0
11/04/2009,599,0
12/04/2009,596,0
13/04/2009,593,0
14/04/2009,590,0
15/04/2009,587,0
16/04/2009,584,0
17/04/2009,581,0
18/04/2009,578,0
19/04/2009,575,0
20/04/2009,572,0
21/04/2009,569,0
22/04/2009,566,0
23/04/2009,563,0
24/04/2009,560,0
25/04/2009,557,0
26/04/2009,554,0
27/04/2009,551,0
28/04/2009,548,0
29/04/2009,545,0
30/04/2009,542,0
01/05/2009,539,0
02/05/2009,536,0
03/05/2009,533,0
04/05/2009,530,0
05/05/2009,527,0
06/05/2009,524,0
07/05/2009,514,0
08/05/2009,499,0
09/05/2009,484,0
10/05/2009,469,0
11/05/2009,454,0
12/05/2009,439,0
13/05/2009,424,0
14/05/2009,409,0
15/05/2009,394,0
16/05/2009,387,40
17/05/2009,371,0
18/05/2009,356,0
19/05/2009,342,5
20/05/2009,329,0
21/05/2009,315,0
22/05/2009,302,0
23/05/2009,289,0
24/05/2009,276,4
25/05/2009,263,0
26/05/2009,250,0
27/05/2009,237,0
28/05/2009,224,0
29/05/2009,211,0
30/05/2009,198,0
31/05/2009,185,0
01/06/2009,172,0
02/06/2009,159,0
03/06/2009,146,0
04/06/2009,133,0
05/06/2009,120,0
06/06/2009,107,0
07/06/2009,96,0
08/06/2009,91,0
09/06/2009,88,0
10/06/2009,86,0
11/06/2009,84,0
12/06/2009,83,0
13/06/2009,82,0
14/06/2009,81,0
15/06/2009,81,0
16/06/2009,79,0
17/06/2009,79,0
18/06/2009,79,0
19/06/2009,79,0
20/06/2009,78,0
21/06/2009,80,32
22/06/2009,83,0
23/06/2009,85,2
24/06/2009,85,0
25/06/2009,85,0
26/06/2009,85,0
27/06/2009,84,0
28/06/2009,84,0
29/06/2009,84,0
30/06/2009,84,0
01/07/2009,83,0
02/07/2009,83,0
03/07/2009,83,0
04/07/2009,83,0
05/07/2009,84,7
06/07/2009,84,0
07/07/2009,84,0
08/07/2009,84,0
09/07/2009,84,0
10/07/2009,84,0
11/07/2009,84,0
12/07/2009,84,0
13/07/2009,84,0
14/07/2009,84,0
15/07/2009,85,0
16/07/2009,86,5
17/07/2009,87,0
18/07/2009,88,0
19/07/2009,89,0
20/07/2009,90,0
21/07/2009,91,0
22/07/2009,92,0
23/07/2009,93,0
24/07/2009,94,0
25/07/2009,95,0
26/07/2009,96,0
27/07/2009,97,0
28/07/2009,98,3
29/07/2009,99,3
30/07/2009,100,0
31/07/2009,102,5
01/08/2009,104,2
02/08/2009,106,0
03/08/2009,108,0
04/08/2009,109,0
05/08/2009,111,2
06/08/2009,112,0
07/08/2009,113,0
08/08/2009,114,0
09/08/2009,115,0
10/08/2009,115,0
11/08/2009,117,28
12/08/2009,118,0
13/08/2009,119,0
14/08/2009,120,0
15/08/2009,123,41
16/08/2009,132,0
17/08/2009,155,0
18/08/2009,158,20
19/08/2009,161,0
20/08/2009,163,0
21/08/2009,165,0
22/08/2009,166,0
23/08/2009,166,0
24/08/2009,166,2
25/08/2009,166,3
26/08/2009,166,0
27/08/2009,166,3
28/08/2009,166,0
29/08/2009,166,0
30/08/2009,166,0
31/08/2009,166,0
01/09/2009,167,20
02/09/2009,167,0
03/09/2009,167,2
04/09/2009,167,3
05/09/2009,167,0
06/09/2009,167,0
07/09/2009,167,0
08/09/2009,167,0
09/09/2009,167,0
10/09/2009,167,0
11/09/2009,167,0
12/09/2009,167,0
13/09/2009,167,2
14/09/2009,167,0
15/09/2009,167,0
16/09/2009,167,0
17/09/2009,168,0
18/09/2009,168,0
19/09/2009,168,0
20/09/2009,169,13
21/09/2009,170,0
22/09/2009,171,2
23/09/2009,171,2
24/09/2009,173,27
25/09/2009,173,0
26/09/2009,180,56
27/09/2009,181,0
28/09/2009,185,25
29/09/2009,186,0
30/09/2009,188,2
01/10/2009,188,2
02/10/2009,188,0
03/10/2009,188,0
04/10/2009,188,0
05/10/2009,188,0
06/10/2009,188,0
07/10/2009,188,0
08/10/2009,188,0
09/10/2009,188,0
10/10/2009,188,16
11/10/2009,188,0
12/10/2009,188,0
13/10/2009,188,0
14/10/2009,188,0
15/10/2009,188,0
16/10/2009,188,0
17/10/2009,188,0
18/10/2009,188,0
19/10/2009,188,0
20/10/2009,188,0
21/10/2009,188,0
22/10/2009,188,0
23/10/2009,188,0
24/10/2009,188,0
25/10/2009,188,0
26/10/2009,188,0
27/10/2009,189,5
28/10/2009,191,8
29/10/2009,197,37
30/10/2009,203,4
31/10/2009,206,0
01/11/2009,208,0
02/11/2009,210,0
03/11/2009,214,4
04/11/2009,215,4
05/11/2009,232,70
06/11/2009,238,8
07/11/2009,257,110
08/11/2009,303,76
09/11/2009,360,50
10/11/2009,406,8
11/11/2009,438,5
12/11/2009,456,0
13/11/2009,460,0
14/11/2009,479.47,0
15/11/2009,507.59,78
16/11/2009,534.1,19
17/11/2009,552.43,0
18/11/2009,559.84,2
19/11/2009,568,0
20/11/2009,572,0
21/11/2009,575.21,0
22/11/2009,583,15
23/11/2009,592,0
24/11/2009,599,0
25/11/2009,602,6
26/11/2009,605,0
27/11/2009,606,0
28/11/2009,607,0
29/11/2009,607,0
30/11/2009,607,0
01/12/2009,607,0
02/12/2009,609,22
03/12/2009,616,30
04/12/2009,618,2
05/12/2009,618,0
06/12/2009,618,0
07/12/2009,618,0
08/12/2009,618,0
09/12/2009,618,0
10/12/2009,618,0
11/12/2009,618,0
12/12/2009,618,7
13/12/2009,619,20
14/12/2009,619,0
15/12/2009,619.33,0
16/12/2009,644,68
17/12/2009,665,7
18/12/2009,686,19
19/12/2009,696,0
20/12/2009,701,0
21/12/2009,706,16
22/12/2009,709,1
23/12/2009,710,0
24/12/2009,712,0
25/12/2009,714,0
26/12/2009,716,0
27/12/2009,717,0
28/12/2009,717,0
29/12/2009,717,0
30/12/2009,717,0
31/12/2009,716,0
01/01/2010,715,0
02/01/2010,713,0
03/01/2010,711,0
04/01/2010,709,0
05/01/2010,707,0
06/01/2010,705,0
07/01/2010,703,0
08/01/2010,701,0
09/01/2010,699,1
10/01/2010,698,0
11/01/2010,697,0
12/01/2010,695,0
13/01/2010,695,0
14/01/2010,695,0
15/01/2010,695,0
16/01/2010,695,0
17/01/2010,695,0
18/01/2010,695,0
19/01/2010,695,0
20/01/2010,695,0
21/01/2010,695,0
22/01/2010,695,0
23/01/2010,694,0
24/01/2010,693,0
25/01/2010,692,0
26/01/2010,690,0
27/01/2010,689,0
28/01/2010,688,0
29/01/2010,687,0
30/01/2010,687,0
31/01/2010,686,0
01/02/2010,686,0
02/02/2010,686,0
03/02/2010,686,0
04/02/2010,685,0
05/02/2010,685,0
06/02/2010,684,0
07/02/2010,684,0
08/02/2010,684,0
09/02/2010,682,0
10/02/2010,682,0
11/02/2010,681,0
12/02/2010,680,0
13/02/2010,679,0
14/02/2010,678,0
15/02/2010,676,0
16/02/2010,674,0
17/02/2010,672,0
18/02/2010,669,0
19/02/2010,668,0
20/02/2010,666,0
21/02/2010,664,0
22/02/2010,661,0
23/02/2010,660,0
24/02/2010,658,0
25/02/2010,656,0
26/02/2010,655,0
27/02/2010,653,0
28/02/2010,652,0
01/03/2010,651,0
02/03/2010,650,0
03/03/2010,648,0
04/03/2010,647,0
05/03/2010,645,0
06/03/2010,644,0
07/03/2010,641,0
08/03/2010,640,0
09/03/2010,625,0
10/03/2010,608,0
11/03/2010,590,0
12/03/2010,573,0
13/03/2010,555,0
14/03/2010,534,0
15/03/2010,511,0
16/03/2010,488,0
17/03/2010,466,0
18/03/2010,443,0
19/03/2010,420,0
20/03/2010,398,0
21/03/2010,377,0
22/03/2010,358,0
23/03/2010,341,0
24/03/2010,324,0
25/03/2010,305,0
26/03/2010,289,0
27/03/2010,276,0
28/03/2010,263,0
29/03/2010,250,0
30/03/2010,238,0
31/03/2010,226,0
01/04/2010,214,0
02/04/2010,202,0
03/04/2010,191,0
04/04/2010,179,0
05/04/2010,169,0
06/04/2010,161,0
07/04/2010,153,0
08/04/2010,146,0
09/04/2010,141,0
10/04/2010,136,0
11/04/2010,131,0
12/04/2010,126,0
13/04/2010,122,0
14/04/2010,117,0
15/04/2010,112,0
16/04/2010,109,0
17/04/2010,105,0
18/04/2010,103,0
19/04/2010,100,0
20/04/2010,98,0
21/04/2010,95,0
22/04/2010,93,0
23/04/2010,92,0
24/04/2010,90,0
25/04/2010,89,0
26/04/2010,87,0
27/04/2010,87,0
28/04/2010,86,0
29/04/2010,85,0
30/04/2010,84,0
01/05/2010,84,2
02/05/2010,83,2
03/05/2010,82,0
04/05/2010,81,0
05/05/2010,80,0
06/05/2010,80,0
07/05/2010,78,0
08/05/2010,78,0
09/05/2010,77,0
10/05/2010,76,0
11/05/2010,75,0
12/05/2010,75,0
13/05/2010,74,0
14/05/2010,73,0
15/05/2010,72,0
16/05/2010,72,0
17/05/2010,72,0
18/05/2010,72,0
19/05/2010,73,28
20/05/2010,96,130
21/05/2010,98,0
22/05/2010,98,0
23/05/2010,98,0
24/05/2010,98,0
25/05/2010,98,0
26/05/2010,98,0
27/05/2010,98,0
28/05/2010,98,0
29/05/2010,98,0
30/05/2010,98,0
31/05/2010,98,0
01/06/2010,98,0
02/06/2010,98,0
03/06/2010,98,0
04/06/2010,98,0
05/06/2010,97,5
06/06/2010,97,0
07/06/2010,97,0
08/06/2010,97,0
09/06/2010,97,11
10/06/2010,97,4
11/06/2010,97,0
12/06/2010,97,8
13/06/2010,97,0
14/06/2010,97,0
15/06/2010,97,0
16/06/2010,97,0
17/06/2010,97,0
18/06/2010,97,0
19/06/2010,97,0
20/06/2010,97,0
21/06/2010,97,0
22/06/2010,97,5
23/06/2010,97,0
24/06/2010,97,0
25/06/2010,97,0
26/06/2010,97,0
27/06/2010,97,2
28/06/2010,100,84
29/06/2010,100,0
30/06/2010,100,0
01/07/2010,100,0
02/07/2010,100,0
03/07/2010,100,0
04/07/2010,100,0
05/07/2010,100,2
06/07/2010,100,11
07/07/2010,100,0
08/07/2010,99,0
09/07/2010,99,2
10/07/2010,99,0
11/07/2010,99,0
12/07/2010,99,0
13/07/2010,99,17
14/07/2010,99,0
15/07/2010,99,0
16/07/2010,99,0
17/07/2010,101,47
18/07/2010,110,110
19/07/2010,115,9
20/07/2010,120,4
21/07/2010,130,33
22/07/2010,138,0
23/07/2010,140,0
24/07/2010,140,0
25/07/2010,140,0
26/07/2010,140,0
27/07/2010,140,0
28/07/2010,140,4
29/07/2010,140,4
30/07/2010,145,80
31/07/2010,150,30
01/08/2010,155,0
02/08/2010,159,0
03/08/2010,163,0
04/08/2010,167,0
05/08/2010,171,0
06/08/2010,171,0
07/08/2010,171,0
08/08/2010,171,1
09/08/2010,171,0
10/08/2010,171,0
11/08/2010,171,0
12/08/2010,171,0
13/08/2010,171,9
14/08/2010,171,2
15/08/2010,171,0
16/08/2010,171,27
17/08/2010,171,0
18/08/2010,174,45
19/08/2010,180,16
20/08/2010,186,0
21/08/2010,192,2
22/08/2010,196,15
23/08/2010,230,138
24/08/2010,247,38
25/08/2010,257,7
26/08/2010,267,5
27/08/2010,270,0
28/08/2010,270,0
29/08/2010,270,0
30/08/2010,270,11
31/08/2010,270,0
01/09/2010,270,0
02/09/2010,270,0
03/09/2010,273,51
04/09/2010,273,0
05/09/2010,273,1
06/09/2010,273,0
07/09/2010,273,0
08/09/2010,273,0
09/09/2010,273,0
10/09/2010,286,80
11/09/2010,316,0
12/09/2010,329,2
13/09/2010,345,0
14/09/2010,361,5
15/09/2010,367,0
16/09/2010,370,0
17/09/2010,371,0
18/09/2010,373,20
19/09/2010,373,0
20/09/2010,373,0
21/09/2010,373,0
22/09/2010,373,0
23/09/2010,373,0
24/09/2010,373,0
25/09/2010,373,0
26/09/2010,376,0
27/09/2010,396,90
28/09/2010,405,0
29/09/2010,405,0
30/09/2010,405,0
01/10/2010,405,0
02/10/2010,405,0
03/10/2010,405,12
04/10/2010,405,2
05/10/2010,405,0
06/10/2010,408,50
07/10/2010,411,5
08/10/2010,411,0
09/10/2010,411,0
10/10/2010,411,0
11/10/2010,411,0
12/10/2010,411,0
13/10/2010,411,0
14/10/2010,410,0
15/10/2010,410,0
16/10/2010,409,0
17/10/2010,409,4
18/10/2010,408,0
19/10/2010,408,0
20/10/2010,408,2
21/10/2010,408,0
22/10/2010,408,5
23/10/2010,407,0
24/10/2010,407,4
25/10/2010,408,0
26/10/2010,408,3
27/10/2010,408,0
28/10/2010,408,0
29/10/2010,409,45
30/10/2010,414,60
31/10/2010,421,3
01/11/2010,431,0
02/11/2010,440,40
03/11/2010,451,4
04/11/2010,451,0
05/11/2010,451,1
06/11/2010,451,0
07/11/2010,453,15
08/11/2010,460,37
09/11/2010,460,0
10/11/2010,460,0
11/11/2010,463,2
12/11/2010,465,0
13/11/2010,480,0
14/11/2010,485,0
15/11/2010,487,0
16/11/2010,499,28
17/11/2010,524,50
18/11/2010,558,20
19/11/2010,584,0
20/11/2010,606,0
21/11/2010,630,0
22/11/2010,645,0
23/11/2010,660,0
24/11/2010,675,0
25/11/2010,683,0
26/11/2010,685,0
27/11/2010,685,0
28/11/2010,685,0
29/11/2010,685,0
30/11/2010,685,0
01/12/2010,698,126
02/12/2010,728,85
03/12/2010,763,0
04/12/2010,776,0
05/12/2010,776,2
06/12/2010,802,49
07/12/2010,881,38
08/12/2010,881,3
09/12/2010,881,1
10/12/2010,881,1
11/12/2010,881,0
12/12/2010,881,8
13/12/2010,881,0
14/12/2010,881,0
15/12/2010,881,0
16/12/2010,881,0
17/12/2010,881,2
18/12/2010,881,2
19/12/2010,881,0
20/12/2010,881,5
21/12/2010,881,0
22/12/2010,881,0
23/12/2010,878,0
24/12/2010,872,0
25/12/2010,861,0
26/12/2010,846,0
27/12/2010,828,0
28/12/2010,825,0
29/12/2010,823,0
30/12/2010,820,0
31/12/2010,818,0
01/01/2011,816,0
02/01/2011,814,0
03/01/2011,814,0
04/01/2011,819,0
05/01/2011,822,0
06/01/2011,825,0
07/01/2011,828,0
08/01/2011,832,0
09/01/2011,837,0
10/01/2011,847,0
11/01/2011,865,0
12/01/2011,881,0
13/01/2011,881,0
14/01/2011,881,0
15/01/2011,881,0
16/01/2011,881,0
17/01/2011,881,0
18/01/2011,881,0
19/01/2011,881,0
20/01/2011,881,0
21/01/2011,881,0
22/01/2011,881,0
23/01/2011,881,0
24/01/2011,881,0
25/01/2011,881,0
26/01/2011,879,0
27/01/2011,877,0
28/01/2011,866,0
29/01/2011,855,0
30/01/2011,843,0
31/01/2011,843,0
01/02/2011,840,0
02/02/2011,837,0
03/02/2011,834,0
04/02/2011,831,0
05/02/2011,828,0
06/02/2011,825,0
07/02/2011,822,0
08/02/2011,819,0
09/02/2011,816,0
10/02/2011,813,0
11/02/2011,810,0
12/02/2011,807,0
13/02/2011,804,0
14/02/2011,801,0
15/02/2011,798,0
16/02/2011,795,0
17/02/2011,792,0
18/02/2011,789,0
19/02/2011,786,0
20/02/2011,782,0
21/02/2011,779,0
22/02/2011,776,12
23/02/2011,778,42
24/02/2011,782,42
25/02/2011,782,0
26/02/2011,779,0
27/02/2011,776,0
28/02/2011,773,0
01/03/2011,770,0
02/03/2011,767,0
03/03/2011,764,0
04/03/2011,761,0
05/03/2011,758,0
06/03/2011,755,0
07/03/2011,752,0
08/03/2011,749,0
09/03/2011,746,0
10/03/2011,743,0
11/03/2011,740,0
12/03/2011,737,0
13/03/2011,734,0
14/03/2011,731,0
15/03/2011,728,0
16/03/2011,725,0
17/03/2011,722,0
18/03/2011,719,0
19/03/2011,716,0
20/03/2011,713,0
21/03/2011,710,0
22/03/2011,707,0
23/03/2011,704,0
24/03/2011,701,0
25/03/2011,698,0
26/03/2011,695,0
27/03/2011,692,0
28/03/2011,689,0
29/03/2011,686,0
30/03/2011,683,0
31/03/2011,680,0
01/04/2011,678,0
02/04/2011,676,0
03/04/2011,674,0
04/04/2011,672,0
05/04/2011,670,0
06/04/2011,668,0
07/04/2011,666,0
08/04/2011,664,0
09/04/2011,662,0
10/04/2011,660,0
11/04/2011,658,0
12/04/2011,656,0
13/04/2011,654,0
14/04/2011,651,0
15/04/2011,648,0
16/04/2011,645,0
17/04/2011,642,0
18/04/2011,639,0
19/04/2011,636,0
20/04/2011,633,0
21/04/2011,630,0
22/04/2011,628,4
23/04/2011,633,18
24/04/2011,633,0
25/04/2011,631,0
26/04/2011,631,0
27/04/2011,630,0
28/04/2011,629,0
29/04/2011,627,0
30/04/2011,625,0
01/05/2011,624,0
02/05/2011,622,0
03/05/2011,619,0
04/05/2011,617,0
05/05/2011,614,0
06/05/2011,611,0
07/05/2011,608,0
08/05/2011,605,0
09/05/2011,602,0
10/05/2011,599,0
11/05/2011,596,0
12/05/2011,577,0
13/05/2011,558,0
14/05/2011,539,0
15/05/2011,519,0
16/05/2011,499,0
17/05/2011,478,0
18/05/2011,460,0
19/05/2011,441,0
20/05/2011,424,0
21/05/2011,411,29
22/05/2011,393,0
23/05/2011,376,0
24/05/2011,357,0
25/05/2011,338,0
26/05/2011,324,0
27/05/2011,305,0
28/05/2011,286,0
29/05/2011,267,0
30/05/2011,250,0
31/05/2011,233,0
01/06/2011,218,0
02/06/2011,207,8
03/06/2011,207,8
04/06/2011,191,0
05/06/2011,179,0
06/06/2011,169,0
07/06/2011,162,32
08/06/2011,152,0
09/06/2011,142,0
10/06/2011,137,0
11/06/2011,131,0
12/06/2011,125,0
13/06/2011,120,4
14/06/2011,115,0
15/06/2011,110,0
16/06/2011,105,0
17/06/2011,100,0
18/06/2011,98,0
19/06/2011,96,0
20/06/2011,94,0
21/06/2011,93,0
22/06/2011,92,0
23/06/2011,91,0
24/06/2011,90,2
25/06/2011,90,0
26/06/2011,90,0
27/06/2011,90,0
28/06/2011,90,0
29/06/2011,90,0
30/06/2011,90,0
01/07/2011,90,0
02/07/2011,90,10
03/07/2011,90,10
04/07/2011,90,0
05/07/2011,90,0
06/07/2011,90,5
07/07/2011,90,15
08/07/2011,90,0
09/07/2011,90,0
10/07/2011,92,0
11/07/2011,95,0
12/07/2011,97,0
13/07/2011,98,0
14/07/2011,100,0
15/07/2011,101,0
16/07/2011,101,0
17/07/2011,101,0
18/07/2011,100,0
19/07/2011,99,0
20/07/2011,98,8
21/07/2011,97,0
22/07/2011,96,0
23/07/2011,95,0
24/07/2011,94,0
25/07/2011,93,0
26/07/2011,92,0
27/07/2011,92,2
28/07/2011,92,14.2
29/07/2011,92,0
30/07/2011,92,0
31/07/2011,92,0
01/08/2011,92,2
02/08/2011,92,0
03/08/2011,92,0
04/08/2011,91,0
05/08/2011,90,0
06/08/2011,90,44
07/08/2011,90,0
08/08/2011,90,5
09/08/2011,89,28
10/08/2011,88,0
11/08/2011,88,48
12/08/2011,88,0
13/08/2011,88,0
14/08/2011,88,0
15/08/2011,88,0
16/08/2011,88,11
17/08/2011,88,0
18/08/2011,88,0
19/08/2011,88,6
20/08/2011,88,0
21/08/2011,104,80
22/08/2011,113,0
23/08/2011,122,0
24/08/2011,130,36
25/08/2011,133,21
26/08/2011,133,2
27/08/2011,131,7
28/08/2011,127,3
29/08/2011,126,0
30/08/2011,125,0
31/08/2011,124,0
01/09/2011,123,0
02/09/2011,122,0
03/09/2011,121,0
04/09/2011,120,0
05/09/2011,119,0
06/09/2011,118,0
07/09/2011,117,0
08/09/2011,116,2
09/09/2011,116,0
10/09/2011,116,0
11/09/2011,116,0
12/09/2011,114,0
13/09/2011,116,0
14/09/2011,116,8
15/09/2011,116,2
16/09/2011,116,32
17/09/2011,117,15
18/09/2011,118,0
19/09/2011,118,0
20/09/2011,123,40
21/09/2011,137,0
22/09/2011,149,0
23/09/2011,156,0
24/09/2011,154,0
25/09/2011,151,0
26/09/2011,148,0
27/09/2011,145,0
28/09/2011,141,0
29/09/2011,137,0
30/09/2011,139,0
01/10/2011,140,0
02/10/2011,143,0
03/10/2011,145,0
04/10/2011,149,0
05/10/2011,156,0
06/10/2011,169,0
07/10/2011,188,0
08/10/2011,206,0
09/10/2011,226,0
10/10/2011,245,0
11/10/2011,264,0
12/10/2011,284,17
13/10/2011,304,0
14/10/2011,325,0
15/10/2011,346,0
16/10/2011,368,0
17/10/2011,391,0
18/10/2011,414,0
19/10/2011,433,0
20/10/2011,450,0
21/10/2011,462,0
22/10/2011,479,0
23/10/2011,496,0
24/10/2011,513,3
25/10/2011,525,3
26/10/2011,540,13
27/10/2011,558,14
28/10/2011,574,7
29/10/2011,597,4
30/10/2011,631,34
31/10/2011,657,5
01/11/2011,684,4
02/11/2011,709,21
03/11/2011,741,0
04/11/2011,774,46
05/11/2011,828,11
06/11/2011,864,36
07/11/2011,864,0
08/11/2011,864,0
09/11/2011,864,0
10/11/2011,861,0
11/11/2011,861,0
12/11/2011,872,0
13/11/2011,878,0
14/11/2011,878,0
15/11/2011,878,0
16/11/2011,878,0
17/11/2011,878,5
18/11/2011,878,10
19/11/2011,871,2
20/11/2011,861,0
21/11/2011,847,0
22/11/2011,829,0
23/11/2011,813,0
24/11/2011,795,0
25/11/2011,782,40
26/11/2011,791,44
27/11/2011,847,76
28/11/2011,854,10
29/11/2011,837,3
30/11/2011,836,0
01/12/2011,836,0
02/12/2011,836,0
03/12/2011,836,0
04/12/2011,836,0
05/12/2011,836,0
06/12/2011,836,0
07/12/2011,836,0
08/12/2011,849,0
09/12/2011,858,0
10/12/2011,865,0
11/12/2011,862,0
12/12/2011,861,0
13/12/2011,861,0
14/12/2011,861,0
15/12/2011,867,4
16/12/2011,871,0
17/12/2011,871,0
18/12/2011,871,0
19/12/2011,871,0
20/12/2011,871,0
21/12/2011,871,0
22/12/2011,869,0
23/12/2011,867,0
24/12/2011,864,0
25/12/2011,861,0
26/12/2011,856,0
27/12/2011,852,0
28/12/2011,848,0
29/12/2011,844,0
30/12/2011,852,32
31/12/2011,855,40
01/01/2012,855,0
02/01/2012,859,2
03/01/2012,881,0
04/01/2012,881,0
05/01/2012,865,0
06/01/2012,851,0
07/01/2012,837,0
08/01/2012,823,0
09/01/2012,809,0
10/01/2012,795,0
11/01/2012,781,0
12/01/2012,767,2
13/01/2012,751,0
14/01/2012,734,0
15/01/2012,717,0
16/01/2012,700,0
17/01/2012,682,0
18/01/2012,665,0
19/01/2012,646,0
20/01/2012,625,0
21/01/2012,605,0
22/01/2012,586,0
23/01/2012,569,0
24/01/2012,561,0
25/01/2012,553,0
26/01/2012,546,0
27/01/2012,538,0
28/01/2012,529,0
29/01/2012,520,0
30/01/2012,511,0
31/01/2012,503,0
01/02/2012,495,0
02/02/2012,490,0
03/02/2012,486,0
04/02/2012,480,0
05/02/2012,475,0
06/02/2012,467,0
07/02/2012,462,0
08/02/2012,457,0
09/02/2012,450,0
10/02/2012,442,0
11/02/2012,434,0
12/02/2012,426,0
13/02/2012,420,0
14/02/2012,412,0
15/02/2012,405,0
16/02/2012,398,0
17/02/2012,392,0
18/02/2012,385,0
19/02/2012,377,0
20/02/2012,371,0
21/02/2012,364,0
22/02/2012,357,0
23/02/2012,351,0
24/02/2012,344,0
25/02/2012,336,0
26/02/2012,328,0
27/02/2012,320,0
28/02/2012,314,0
29/02/2012,307,0
01/03/2012,300,0
02/03/2012,295,0
03/03/2012,288,0
04/03/2012,282,0
05/03/2012,275,0
06/03/2012,268,0
07/03/2012,264,0
08/03/2012,257,0
09/03/2012,250,0
10/03/2012,244,0
11/03/2012,238,0
12/03/2012,231,0
13/03/2012,225,0
14/03/2012,218,0
15/03/2012,212,0
16/03/2012,205,0
17/03/2012,198,0
18/03/2012,191,0
19/03/2012,184,0
20/03/2012,178,0
21/03/2012,171,0
22/03/2012,164,0
23/03/2012,157,0
24/03/2012,152,0
25/03/2012,146,0
26/03/2012,140,0
27/03/2012,134,0
28/03/2012,128,0
29/03/2012,122,0
30/03/2012,114,0
31/03/2012,107,0
01/04/2012,102,0
02/04/2012,98,0
03/04/2012,95,0
04/04/2012,93,0
05/04/2012,92,0
06/04/2012,91,0
07/04/2012,90,0
08/04/2012,89,0
09/04/2012,89,0
10/04/2012,88,0
11/04/2012,88,0
12/04/2012,88,0
13/04/2012,88,0
14/04/2012,88,0
15/04/2012,88,0
16/04/2012,87,0
17/04/2012,87,0
18/04/2012,87,0
19/04/2012,87,0
20/04/2012,87,0
21/04/2012,87,0
22/04/2012,87,0
23/04/2012,86,0
24/04/2012,86,0
25/04/2012,86,0
26/04/2012,86,0
27/04/2012,86,0
28/04/2012,86,0
29/04/2012,86,0
30/04/2012,86,0
01/05/2012,86,0
02/05/2012,85,0
03/05/2012,85,0
04/05/2012,85,0
05/05/2012,85,0
06/05/2012,85,0
07/05/2012,85,0
08/05/2012,84,0
09/05/2012,84,0
10/05/2012,84,0
11/05/2012,84,0
12/05/2012,84,0
13/05/2012,84,0
14/05/2012,83,0
15/05/2012,83,0
16/05/2012,83,0
17/05/2012,83,0
18/05/2012,83,0
19/05/2012,83,0
20/05/2012,83,0
21/05/2012,83,0
22/05/2012,83,0
23/05/2012,83,0
24/05/2012,83,0
25/05/2012,83,0
26/05/2012,83,0
27/05/2012,83,0
28/05/2012,83,0
29/05/2012,83,0
30/05/2012,83,0
31/05/2012,83,0
01/06/2012,83,0
02/06/2012,83,0
03/06/2012,83,0
04/06/2012,83,0
05/06/2012,83,0
06/06/2012,83,0
07/06/2012,83,0
08/06/2012,83,0
09/06/2012,83,0
10/06/2012,83,0
11/06/2012,83,0
12/06/2012,83,0
13/06/2012,83,0
14/06/2012,83,0
15/06/2012,83,0
16/06/2012,83,0
17/06/2012,83,0
18/06/2012,83,0
19/06/2012,83,0
20/06/2012,83,0
21/06/2012,83,0
22/06/2012,83,0
23/06/2012,83,0
24/06/2012,83,0
25/06/2012,83,0
26/06/2012,83,0
27/06/2012,83,22
28/06/2012,83,0
29/06/2012,85,19
30/06/2012,85,0
01/07/2012,85,6
02/07/2012,85,0
03/07/2012,85,0
04/07/2012,85,0
05/07/2012,85,0
06/07/2012,85,0
07/07/2012,85,0
08/07/2012,85,0
09/07/2012,85,0
10/07/2012,85,0
11/07/2012,85,7
12/07/2012,85,30
13/07/2012,85,0
14/07/2012,85,0
15/07/2012,85,12
16/07/2012,85,0
17/07/2012,85,9
18/07/2012,85,4
19/07/2012,85,0
20/07/2012,85,0
21/07/2012,85,0
22/07/2012,85,0
23/07/2012,85,0
24/07/2012,85,0
25/07/2012,85,0
26/07/2012,85,0
27/07/2012,85,0
28/07/2012,85,6
29/07/2012,85,0
30/07/2012,85,0
31/07/2012,85,0
01/08/2012,85,0
02/08/2012,85,0
03/08/2012,85,0
04/08/2012,85,2
05/08/2012,85,0
06/08/2012,85,0
07/08/2012,85,0
08/08/2012,85,0
09/08/2012,85,0
10/08/2012,85,4
11/08/2012,85,0
12/08/2012,85,0
13/08/2012,85,0
14/08/2012,85,4
15/08/2012,85,5
16/08/2012,85,0
17/08/2012,85,0
18/08/2012,85,2
19/08/2012,85,0
20/08/2012,85,0
21/08/2012,85,0
22/08/2012,85,0
23/08/2012,85,0
24/08/2012,85,0
25/08/2012,85,0
26/08/2012,85,8
27/08/2012,85,0
28/08/2012,85,0
29/08/2012,85,0
30/08/2012,85,0
31/08/2012,85,0
01/09/2012,85,0
02/09/2012,85,0
03/09/2012,85,35
04/09/2012,85,0
05/09/2012,85,0
06/09/2012,85,0
07/09/2012,85,0
08/09/2012,86,30
09/09/2012,88,2
10/09/2012,88,0
11/09/2012,88,0
12/09/2012,88,0
13/09/2012,89,8
14/09/2012,90,6
15/09/2012,91,8
16/09/2012,91,0
17/09/2012,91,0
18/09/2012,91,0
19/09/2012,91,0
20/09/2012,91,0
21/09/2012,91,2
22/09/2012,91,0
23/09/2012,91,0
24/09/2012,91,0
25/09/2012,91,0
26/09/2012,91,0
27/09/2012,93,28
28/09/2012,93,0
29/09/2012,93,0
30/09/2012,93,0
01/10/2012,93,0
02/10/2012,93,2
03/10/2012,93,0
04/10/2012,93,0
05/10/2012,93,0
06/10/2012,93,0
07/10/2012,93,6
08/10/2012,93,0
09/10/2012,93,0
10/10/2012,93,0
11/10/2012,93,0
12/10/2012,93,0
13/10/2012,93,0
14/10/2012,93,0
15/10/2012,93,0
16/10/2012,93,0
17/10/2012,93,0
18/10/2012,93,6
19/10/2012,96,58
20/10/2012,101,80
21/10/2012,124,98
22/10/2012,155,28
23/10/2012,178,7
24/10/2012,190,8
25/10/2012,193,0
26/10/2012,195,0
27/10/2012,195,0
28/10/2012,195,0
29/10/2012,195,0
30/10/2012,195,0
31/10/2012,202,66
01/11/2012,218,10
02/11/2012,226,0
03/11/2012,239,60
04/11/2012,277,50
05/11/2012,322,0
06/11/2012,338,0
07/11/2012,345,0
08/11/2012,349,0
09/11/2012,349,0
10/11/2012,349,0
11/11/2012,347,0
12/11/2012,347,0
13/11/2012,346,0
14/11/2012,345,0
15/11/2012,344,0
16/11/2012,344,0
17/11/2012,342,0
18/11/2012,341,0
19/11/2012,340,0
20/11/2012,339,0
21/11/2012,338,0
22/11/2012,337,0
23/11/2012,337,2
24/11/2012,336,0
25/11/2012,335,0
26/11/2012,334,0
27/11/2012,333,0
28/11/2012,332,0
29/11/2012,331,0
30/11/2012,330,0
01/12/2012,329,0
02/12/2012,328,0
03/12/2012,331,9
04/12/2012,346,90
05/12/2012,368,4
06/12/2012,398,3
07/12/2012,418,0
08/12/2012,435,0
09/12/2012,452,0
10/12/2012,461,0
11/12/2012,468,0
12/12/2012,471,0
13/12/2012,473,0
14/12/2012,471,0
15/12/2012,469,0
16/12/2012,467,0
17/12/2012,465,0
18/12/2012,463,0
19/12/2012,462,0
20/12/2012,461,0
21/12/2012,461,0
22/12/2012,460,0
23/12/2012,460,0
24/12/2012,537,0
25/12/2012,459,0
26/12/2012,459,0
27/12/2012,458,0
28/12/2012,458,0
29/12/2012,458,6
30/12/2012,471,53
31/12/2012,471,0
01/01/2013,471,0
02/01/2013,471,0
03/01/2013,471,0
04/01/2013,471,0
05/01/2013,471,0
06/01/2013,471,0
07/01/2013,471,0
08/01/2013,470,0
09/01/2013,470,0
10/01/2013,470,0
11/01/2013,468,0
12/01/2013,467,0
13/01/2013,467,0
14/01/2013,466,0
15/01/2013,465,0
16/01/2013,464,0
17/01/2013,462,0
18/01/2013,460,0
19/01/2013,458,0
20/01/2013,456,0
21/01/2013,454,0
22/01/2013,452,0
23/01/2013,450,0
24/01/2013,448,0
25/01/2013,446,0
26/01/2013,444,0
27/01/2013,444,0
28/01/2013,443,0
29/01/2013,442,0
30/01/2013,423,0
31/01/2013,413,0
01/02/2013,398,0
02/02/2013,379,0
03/02/2013,360,0
04/02/2013,342,0
05/02/2013,323,0
06/02/2013,304,0
07/02/2013,285,0
08/02/2013,267,0
09/02/2013,249,0
10/02/2013,230,0
11/02/2013,211,0
12/02/2013,196,0
13/02/2013,184,0
14/02/2013,172,0
15/02/2013,159,0
16/02/2013,145,0
17/02/2013,135,13
18/02/2013,131,5
19/02/2013,123,0
20/02/2013,117,0
21/02/2013,109,0
22/02/2013,112,0
23/02/2013,98,0
24/02/2013,95,0
25/02/2013,93,0
26/02/2013,92,0
27/02/2013,91,0
28/02/2013,90,0
01/03/2013,89,0
02/03/2013,88,0
03/03/2013,87,0
04/03/2013,86,0
05/03/2013,85,0
06/03/2013,84,0
07/03/2013,84,0
08/03/2013,84,0
09/03/2013,83,0
10/03/2013,82,0
11/03/2013,81,0
12/03/2013,81,0
13/03/2013,81,0
14/03/2013,81,0
15/03/2013,81,0
16/03/2013,81,0
17/03/2013,81,0
18/03/2013,81,0
19/03/2013,81,0
20/03/2013,80,0
21/03/2013,80,0
22/03/2013,80,0
23/03/2013,79,0
24/03/2013,79,0
25/03/2013,79,0
26/03/2013,78,0
27/03/2013,78,0
28/03/2013,77,0
29/03/2013,77,0
30/03/2013,76,0
31/03/2013,76,0
01/04/2013,75,0
02/04/2013,75,0
03/04/2013,74,0
04/04/2013,74,0
05/04/2013,73,0
06/04/2013,73,0
07/04/2013,72,0
08/04/2013,72,0
09/04/2013,71,0
10/04/2013,71,0
11/04/2013,70,0
12/04/2013,70,0
13/04/2013,69,0
14/04/2013,69,0
15/04/2013,68,0
16/04/2013,68,0
17/04/2013,67,0
18/04/2013,66,0
19/04/2013,64,0
20/04/2013,63,0
21/04/2013,61,0
22/04/2013,59,0
23/04/2013,57,0
24/04/2013,55,4
25/04/2013,53,0
26/04/2013,51,0
27/04/2013,49,0
28/04/2013,47,0
29/04/2013,45,0
30/04/2013,43,0
01/05/2013,41,0
02/05/2013,39,0
03/05/2013,37,0
04/05/2013,35,0
05/05/2013,33,0
06/05/2013,31,0
07/05/2013,29,0
08/05/2013,27,0
09/05/2013,26,0
10/05/2013,24,0
11/05/2013,22,0
12/05/2013,20,0
13/05/2013,18,2
14/05/2013,16,0
15/05/2013,14,0
16/05/2013,12,0
17/05/2013,10,0
18/05/2013,8,0
19/05/2013,6,0
20/05/2013,4,0
21/05/2013,2,0
22/05/2013,0,0
23/05/2013,0,0
24/05/2013,0,0
25/05/2013,0,0
26/05/2013,0,0
27/05/2013,0,0
28/05/2013,0,0
29/05/2013,0,0
30/05/2013,0,0
31/05/2013,0,0
01/06/2013,0,0
02/06/2013,0,0
03/06/2013,0,30
04/06/2013,0,0
05/06/2013,0,0
06/06/2013,0,0
07/06/2013,0,6
08/06/2013,0,8
09/06/2013,0,0
10/06/2013,0,0
11/06/2013,0,0
12/06/2013,0,0
13/06/2013,0,0
14/06/2013,0,0
15/06/2013,0,0
16/06/2013,0,0
17/06/2013,0,0
18/06/2013,0,0
19/06/2013,0,0
20/06/2013,0,0
21/06/2013,0,0
22/06/2013,0,0
23/06/2013,0,0
24/06/2013,0,0
25/06/2013,0,0
26/06/2013,0,0
27/06/2013,0,2
28/06/2013,0,2
29/06/2013,0,6
30/06/2013,0,33
01/07/2013,0,0
02/07/2013,0,0
03/07/2013,0,0
04/07/2013,0,0
05/07/2013,0,1
06/07/2013,0,0
07/07/2013,0,1
08/07/2013,0,2
09/07/2013,0,0
10/07/2013,0,0
11/07/2013,0,27
12/07/2013,0,4
13/07/2013,0,15
14/07/2013,0,0
15/07/2013,0,0
16/07/2013,0,25
17/07/2013,0,0
18/07/2013,0,2
19/07/2013,0,21
20/07/2013,0,24
21/07/2013,0,2
22/07/2013,0,0
23/07/2013,0,4
24/07/2013,0,5
25/07/2013,0,0
26/07/2013,0,0
27/07/2013,0,0
28/07/2013,0,0
29/07/2013,0,0
30/07/2013,0,0
31/07/2013,0,0
01/08/2013,0,0
02/08/2013,0,0
03/08/2013,0,0
04/08/2013,0,1
05/08/2013,0,14
06/08/2013,0,4
07/08/2013,0,0
08/08/2013,0,2
09/08/2013,0,0
10/08/2013,0,0
11/08/2013,0,3
12/08/2013,0,3
13/08/2013,0,0
14/08/2013,0,14
15/08/2013,0,18
16/08/2013,0,2
17/08/2013,0,18
18/08/2013,0,4
19/08/2013,0,0
20/08/2013,0,0
21/08/2013,0,0
22/08/2013,0,0
23/08/2013,0,0
24/08/2013,0,0
25/08/2013,0,0
26/08/2013,0,0
27/08/2013,0,0
28/08/2013,0,0
29/08/2013,0,0
30/08/2013,0,36
31/08/2013,0,0
01/09/2013,0,0
02/09/2013,0,0
03/09/2013,0,0
04/09/2013,0,8
05/09/2013,0,0
06/09/2013,0,6
07/09/2013,0,0
08/09/2013,0,0
09/09/2013,0,36
10/09/2013,0,8
11/09/2013,0,49
12/09/2013,0,8
13/09/2013,0,65
14/09/2013,0,16
15/09/2013,0,0
16/09/2013,0,26
17/09/2013,0,0
18/09/2013,0,0
19/09/2013,0,28
20/09/2013,0,0
21/09/2013,0,0
22/09/2013,0,0
23/09/2013,0,1
24/09/2013,0,0
25/09/2013,0,1
26/09/2013,0,0
27/09/2013,0,0
28/09/2013,0,0
29/09/2013,0,0
30/09/2013,0,0
01/10/2013,0,0
02/10/2013,0,2
03/10/2013,0,0
04/10/2013,0,23
05/10/2013,0,0
06/10/2013,0,0
07/10/2013,0,0
08/10/2013,26,0
09/10/2013,26,0
10/10/2013,26,2
11/10/2013,30,7
12/10/2013,32,0
13/10/2013,34,0
14/10/2013,36,0
15/10/2013,51,0
16/10/2013,55,0
17/10/2013,55,0
18/10/2013,55,0
19/10/2013,55,0
20/10/2013,59,12
21/10/2013,66,68
22/10/2013,75,26
23/10/2013,85,6
24/10/2013,92,3
25/10/2013,96,0
26/10/2013,102,64
27/10/2013,115,12
28/10/2013,123,0
29/10/2013,129,0
30/10/2013,133,0
31/10/2013,136,0
01/11/2013,142,13
02/11/2013,145,1
03/11/2013,150,23
04/11/2013,155,8
05/11/2013,173,0
06/11/2013,161,0
07/11/2013,163,0
08/11/2013,163,0
09/11/2013,163,0
10/11/2013,163,0
11/11/2013,162,0
12/11/2013,162,0
13/11/2013,162,0
14/11/2013,161,0
15/11/2013,161,0
16/11/2013,161,3
17/11/2013,163,14.4
18/11/2013,165,13
19/11/2013,165,0
20/11/2013,165,0
21/11/2013,165,0
22/11/2013,165,0
23/11/2013,165,0
24/11/2013,168,5
25/11/2013,171,0
26/11/2013,171,2
27/11/2013,171,0
28/11/2013,171,0
29/11/2013,171,0
30/11/2013,170,0
01/12/2013,170,2
02/12/2013,173,18.6
03/12/2013,173,0
04/12/2013,173,0
05/12/2013,173,0
06/12/2013,173,0
07/12/2013,173,0
08/12/2013,173,3
09/12/2013,173,0
10/12/2013,173,0
11/12/2013,173,0
12/12/2013,173,2
13/12/2013,173,2
14/12/2013,173,0
15/12/2013,173,0
16/12/2013,173,0
17/12/2013,173,0
18/12/2013,173,0
19/12/2013,173,0
20/12/2013,173,0
21/12/2013,173,0
22/12/2013,172,0
23/12/2013,172,0
24/12/2013,172,0
25/12/2013,172,0
26/12/2013,172,0
27/12/2013,172,0
28/12/2013,171,0
29/12/2013,171,0
30/12/2013,171,0
31/12/2013,171,0
01/01/2014,170,0
02/01/2014,169,0
03/01/2014,169,0
04/01/2014,169,0
05/01/2014,123,0
06/01/2014,168,0
07/01/2014,168,0
08/01/2014,167,0
09/01/2014,167,0
10/01/2014,161,0
11/01/2014,152,0
12/01/2014,144,0
13/01/2014,135,0
14/01/2014,129,0
15/01/2014,123,0
16/01/2014,118,0
17/01/2014,113,0
18/01/2014,109,0
19/01/2014,106,0
20/01/2014,103,0
21/01/2014,101,0
22/01/2014,100,0
23/01/2014,99,0
24/01/2014,98,0
25/01/2014,97,0
26/01/2014,97,0
27/01/2014,96,0
28/01/2014,96,0
29/01/2014,95,0
30/01/2014,95,0
31/01/2014,94,0
01/02/2014,94,0
02/02/2014,93,0
03/02/2014,93,0
04/02/2014,92,0
05/02/2014,92,0
06/02/2014,2,0
07/02/2014,91,0
08/02/2014,90,0
09/02/2014,90,0
10/02/2014,89,0
11/02/2014,89,0
12/02/2014,88,0
13/02/2014,87,0
14/02/2014,87,0
15/02/2014,86,0
16/02/2014,85,0
17/02/2014,85,0
18/02/2014,84,0
19/02/2014,84,0
20/02/2014,83,0
21/02/2014,83,0
22/02/2014,82,0
23/02/2014,82,0
24/02/2014,81,0
25/02/2014,80,0
26/02/2014,80,0
27/02/2014,79,0
28/02/2014,79,0
01/03/2014,79,0
02/03/2014,79,0
03/03/2014,78,0
04/03/2014,78,0
05/03/2014,78,0
06/03/2014,77,0
07/03/2014,77,0
08/03/2014,77,0
09/03/2014,77,0
10/03/2014,76,0
11/03/2014,76,0
12/03/2014,76,0
13/03/2014,75,0
14/03/2014,75,0
15/03/2014,75,0
16/03/2014,75,0
17/03/2014,74,0
18/03/2014,73,0
19/03/2014,72,0
20/03/2014,70,0
21/03/2014,69,0
22/03/2014,67,0
23/03/2014,67,0
24/03/2014,64,0
25/03/2014,63,0
26/03/2014,61,0
27/03/2014,60,0
28/03/2014,58,0
29/03/2014,56,0
30/03/2014,55,0
31/03/2014,53,0
01/04/2014,52,0
02/04/2014,50,0
03/04/2014,49,0
04/04/2014,47,0
05/04/2014,46,0
06/04/2014,44,0
07/04/2014,43,0
08/04/2014,41,0
09/04/2014,40,0
10/04/2014,38,0
11/04/2014,37,0
12/04/2014,35,0
13/04/2014,34,0
14/04/2014,32,0
15/04/2014,31,0
16/04/2014,29,0
17/04/2014,28,0
18/04/2014,26,0
19/04/2014,25,0
20/04/2014,23,0
21/04/2014,22,0
22/04/2014,20,0
23/04/2014,19,0
24/04/2014,17,0
25/04/2014,16,0
26/04/2014,14,0
27/04/2014,13,0
28/04/2014,11,0
29/04/2014,10,0
30/04/2014,8,0
01/05/2014,7,0
02/05/2014,6,0
03/05/2014,5,0
04/05/2014,4,0
05/05/2014,4,1
06/05/2014,3,0
07/05/2014,3,0
08/05/2014,3,5
09/05/2014,3,0
10/05/2014,3,0
11/05/2014,3,0
12/05/2014,3,0
13/05/2014,3,0
14/05/2014,3,0
15/05/2014,3,0
16/05/2014,3,0
17/05/2014,3,0
18/05/2014,3,0
19/05/2014,3,0
20/05/2014,3,0
21/05/2014,3,0
22/05/2014,3,0
23/05/2014,3,0
24/05/2014,3,0
25/05/2014,3,0
26/05/2014,3,0
27/05/2014,3,0
28/05/2014,3,0
29/05/2014,3,0
30/05/2014,3,0
31/05/2014,3,0
01/06/2014,3,0
02/06/2014,2,0
03/06/2014,2,0
04/06/2014,2,0
05/06/2014,2,0
06/06/2014,2,0
07/06/2014,2,0
08/06/2014,2,0
09/06/2014,2,32
10/06/2014,2,11
11/06/2014,2,0
12/06/2014,2,0
13/06/2014,2,0
14/06/2014,2,0
15/06/2014,1,0
16/06/2014,1,0
17/06/2014,0,0
18/06/2014,0,0
19/06/2014,0,0
20/06/2014,0,0
21/06/2014,0,0
22/06/2014,0,0
23/06/2014,0,0
24/06/2014,0,0
25/06/2014,0,0
26/06/2014,0,0
27/06/2014,0,0
28/06/2014,0,0
29/06/2014,0,12
30/06/2014,0,13
01/07/2014,0,15
02/07/2014,0,0
03/07/2014,0,0
04/07/2014,0,0
05/07/2014,0,0
06/07/2014,0,62
07/07/2014,0,0
08/07/2014,0,0
09/07/2014,0,0
10/07/2014,0,6
11/07/2014,0,2
12/07/2014,0,0
13/07/2014,0,0
14/07/2014,0,0
15/07/2014,0,0
16/07/2014,0,0
17/07/2014,0,0
18/07/2014,0,0
19/07/2014,0,0
20/07/2014,0,0
21/07/2014,0,0
22/07/2014,0,0
23/07/2014,0,0
24/07/2014,0,0
25/07/2014,0,5
26/07/2014,0,0
27/07/2014,0,0
28/07/2014,0,0
29/07/2014,0,0
30/07/2014,0,10
31/07/2014,0,0
01/08/2014,0,0
02/08/2014,0,7
03/08/2014,0,0
04/08/2014,0,0
05/08/2014,0,0
06/08/2014,0,8
07/08/2014,0,22
08/08/2014,0,0
09/08/2014,0,15
10/08/2014,0,0
11/08/2014,0,0
12/08/2014,0,6
13/08/2014,0,0
14/08/2014,0,0
15/08/2014,0,0
16/08/2014,0,4
17/08/2014,0,0
18/08/2014,0,0
19/08/2014,0,0
20/08/2014,0,0
21/08/2014,0,0
22/08/2014,0,0
23/08/2014,0,0
24/08/2014,0,0
25/08/2014,0,10
26/08/2014,0,0
27/08/2014,0,2
28/08/2014,0,0
29/08/2014,0,0
30/08/2014,0,0
31/08/2014,0,0
01/09/2014,0,0
02/09/2014,0,0
03/09/2014,0,0
04/09/2014,0,33
05/09/2014,0,0
06/09/2014,0,26
07/09/2014,0,4
08/09/2014,0,2
09/09/2014,0,0
10/09/2014,0,0
11/09/2014,0,0
12/09/2014,0,0
13/09/2014,0,19
14/09/2014,0,0
15/09/2014,0,6
16/09/2014,0,14
17/09/2014,0,0
18/09/2014,0,7
19/09/2014,0,0
20/09/2014,0,0
21/09/2014,0,0
22/09/2014,0,3
23/09/2014,0,0
24/09/2014,0,0
25/09/2014,0,0
26/09/2014,0,0
27/09/2014,0,0
28/09/2014,0,0
29/09/2014,0,0
30/09/2014,0,0
01/10/2014,0,0
02/10/2014,0,0
03/10/2014,0,0
04/10/2014,0,0
05/10/2014,0,0
06/10/2014,0,0
07/10/2014,0,0
08/10/2014,0,0
09/10/2014,0,0
10/10/2014,0,0
11/10/2014,0,0
12/10/2014,0,0
13/10/2014,0,0
14/10/2014,0,0
15/10/2014,0,0
16/10/2014,0,10
17/10/2014,0,2
18/10/2014,0,30
19/10/2014,0,49
20/10/2014,0,54
21/10/2014,0,8
22/10/2014,0,0
23/10/2014,0,5
24/10/2014,0,67
25/10/2014,15,4
26/10/2014,30,0
27/10/2014,42,0
28/10/2014,46,3
29/10/2014,46,0
30/10/2014,46,0
31/10/2014,46,0
01/11/2014,46,18
02/11/2014,49,36
03/11/2014,52,15
04/11/2014,52,0
05/11/2014,52,0
06/11/2014,52,0
07/11/2014,52,0
08/11/2014,52,0
09/11/2014,52,0
10/11/2014,52,0
11/11/2014,52,0
12/11/2014,52,4
13/11/2014,58,113
14/11/2014,61,40
15/11/2014,61,0
16/11/2014,61,0
17/11/2014,61,0
18/11/2014,61,0
19/11/2014,61,0
20/11/2014,61,0
21/11/2014,61,0
22/11/2014,61,0
23/11/2014,61,0
24/11/2014,61,0
25/11/2014,61,0
26/11/2014,61,0
27/11/2014,61,0
28/11/2014,61,0
29/11/2014,61,0
30/11/2014,61,0
01/12/2014,61,0
02/12/2014,61,0
03/12/2014,61,0
04/12/2014,61,0
05/12/2014,61,0
06/12/2014,61,0
07/12/2014,61,0
08/12/2014,61,0
09/12/2014,61,0
10/12/2014,61,9
11/12/2014,69,30
12/12/2014,77,6
13/12/2014,83,4
14/12/2014,91,7
15/12/2014,99,0
16/12/2014,104,0
17/12/2014,108,0
18/12/2014,110,4
19/12/2014,110,1
20/12/2014,110,0
21/12/2014,110,0
22/12/2014,110,4
23/12/2014,110,0
24/12/2014,110,0
25/12/2014,110,0
26/12/2014,110,0
27/12/2014,110,0
28/12/2014,110,0
29/12/2014,110,8
30/12/2014,121,41
31/12/2014,123,3
01/01/2015,123,0
02/01/2015,123,0
03/01/2015,123,0
04/01/2015,123,0
05/01/2015,123,0
06/01/2015,123,0
07/01/2015,123,0
08/01/2015,123,0
09/01/2015,123,0
10/01/2015,123,0
11/01/2015,123,0
12/01/2015,123,0
13/01/2015,122,0
14/01/2015,122,0
15/01/2015,121,0
16/01/2015,121,0
17/01/2015,622,0
18/01/2015,120,0
19/01/2015,119,0
20/01/2015,119,0
21/01/2015,118,0
22/01/2015,118,0
23/01/2015,117,0
24/01/2015,117,0
25/01/2015,117,0
26/01/2015,116,0
27/01/2015,115,0
28/01/2015,115,0
29/01/2015,114,0
30/01/2015,114,0
31/01/2015,113,0
01/02/2015,113,0
02/02/2015,112,0
03/02/2015,112,0
04/02/2015,110,0
05/02/2015,110,0
06/02/2015,109,0
07/02/2015,109,0
08/02/2015,108,0
09/02/2015,108,0
10/02/2015,106,0
11/02/2015,106,0
12/02/2015,105,0
13/02/2015,105,0
14/02/2015,104,0
15/02/2015,104,0
16/02/2015,103,0
17/02/2015,102,0
18/02/2015,102,0
19/02/2015,101,0
20/02/2015,98,0
21/02/2015,94,0
22/02/2015,91,0
23/02/2015,87,0
24/02/2015,85,0
25/02/2015,83,0
26/02/2015,81,0
27/02/2015,79,0
28/02/2015,77,0
01/03/2015,75,0
02/03/2015,74,0
03/03/2015,73,0
04/03/2015,73,0
05/03/2015,72,0
06/03/2015,72,0
07/03/2015,71,0
08/03/2015,71,0
09/03/2015,70,0
10/03/2015,70,0
11/03/2015,70,0
12/03/2015,70,0
13/03/2015,70,0
14/03/2015,70,0
15/03/2015,70,0
16/03/2015,70,0
17/03/2015,70,0
18/03/2015,70,0
19/03/2015,70,0
20/03/2015,70,0
21/03/2015,70,0
22/03/2015,70,0
23/03/2015,70,0
24/03/2015,70,0
25/03/2015,70,0
26/03/2015,70,0
27/03/2015,70,0
28/03/2015,69,0
29/03/2015,68,0
30/03/2015,67,0
31/03/2015,65,0
01/04/2015,64,0
02/04/2015,62,0
03/04/2015,61,0
04/04/2015,59,0
05/04/2015,58,0
06/04/2015,56,0
07/04/2015,54.5,0
08/04/2015,53,0
09/04/2015,51.5,0
10/04/2015,50,0
11/04/2015,48.5,0
12/04/2015,47,0
13/04/2015,45.5,0
14/04/2015,44,3
15/04/2015,42.5,7
16/04/2015,41,0
17/04/2015,39.5,0
18/04/2015,38,0
19/04/2015,36.5,0
20/04/2015,35,0
21/04/2015,33.5,0
22/04/2015,32,0
23/04/2015,30.5,0
24/04/2015,29,0
25/04/2015,27.5,16
26/04/2015,26,0
27/04/2015,24.5,0
28/04/2015,23,0
29/04/2015,21.5,0
30/04/2015,20,0
01/05/2015,18.5,0
02/05/2015,17,0
03/05/2015,15.5,3
04/05/2015,14,0
05/05/2015,12.5,0
06/05/2015,11,0
07/05/2015,9.5,0
08/05/2015,8,0
09/05/2015,6.5,0
10/05/2015,5,0
11/05/2015,3.5,0
12/05/2015,2,0
13/05/2015,0.5,0
14/05/2015,0,0
15/05/2015,0,0
16/05/2015,0,0
17/05/2015,0,12
18/05/2015,0,0
19/05/2015,0,0
20/05/2015,0,0
21/05/2015,0,0
22/05/2015,0,0
23/05/2015,0,0
24/05/2015,0,0
25/05/2015,0,0
26/05/2015,0,0
27/05/2015,0,0
28/05/2015,0,0
29/05/2015,0,0
30/05/2015,0,0
31/05/2015,0,0
01/06/2015,0,0
02/06/2015,0,0
03/06/2015,0,0
04/06/2015,0,0
05/06/2015,0,0
06/06/2015,0,0
07/06/2015,0,0
08/06/2015,0,0
09/06/2015,0,0
10/06/2015,0,18
11/06/2015,0,0
12/06/2015,0,0
13/06/2015,0,0
14/06/2015,0,0
15/06/2015,0,4
16/06/2015,0,0
17/06/2015,0,10
18/06/2015,0,0
19/06/2015,0,2
20/06/2015,0,2
21/06/2015,0,8
22/06/2015,0,5
23/06/2015,0,0
24/06/2015,0,0
25/06/2015,0,0
26/06/2015,0,0
27/06/2015,0,0
28/06/2015,0,0
29/06/2015,0,0
30/06/2015,0,0
01/07/2015,0,0
02/07/2015,0,0
03/07/2015,0,0
04/07/2015,0,0
05/07/2015,0,0
06/07/2015,0,0
07/07/2015,0,0
08/07/2015,0,0
09/07/2015,0,0
10/07/2015,0,0
11/07/2015,0,12
12/07/2015,0,0
13/07/2015,0,0
14/07/2015,0,0
15/07/2015,0,0
16/07/2015,0,5
17/07/2015,0,0
18/07/2015,0,0
19/07/2015,0,6
20/07/2015,0,3
21/07/2015,0,0
22/07/2015,0,0
23/07/2015,0,29
24/07/2015,0,44
25/07/2015,0,31
26/07/2015,0,0
27/07/2015,0,11
28/07/2015,0,26
29/07/2015,0,13
30/07/2015,0,4
31/07/2015,0,0
01/08/2015,0,4
02/08/2015,0,3
03/08/2015,0,3
04/08/2015,0,2
05/08/2015,0,31
06/08/2015,0,0
07/08/2015,0,0
08/08/2015,0,0
09/08/2015,0,0
10/08/2015,0,0
11/08/2015,0,0
12/08/2015,0,0
13/08/2015,0,0
14/08/2015,0,0
15/08/2015,0,0
16/08/2015,0,0
17/08/2015,0,0
18/08/2015,0,0
19/08/2015,0,0
20/08/2015,0,0
21/08/2015,0,17
22/08/2015,0,37
23/08/2015,0,35
24/08/2015,0,24
25/08/2015,0,0
26/08/2015,0,0
27/08/2015,0,2
28/08/2015,0,0
29/08/2015,0,0
30/08/2015,0,0
31/08/2015,0,12
01/09/2015,0,0
02/09/2015,0,0
03/09/2015,0,0
04/09/2015,0,0
05/09/2015,0,0
06/09/2015,0,0
07/09/2015,0,2
08/09/2015,0,0
09/09/2015,0,0
10/09/2015,0,0
11/09/2015,0,2
12/09/2015,0,0
13/09/2015,0,0
14/09/2015,0,0
15/09/2015,0,0
16/09/2015,0,3
17/09/2015,0,0
18/09/2015,0,0
19/09/2015,0,14
20/09/2015,0,0
21/09/2015,0,11
22/09/2015,0,0
23/09/2015,0,0
24/09/2015,0,0
25/09/2015,0,0
26/09/2015,0,61
27/09/2015,0,0
28/09/2015,0,0
29/09/2015,0,0
30/09/2015,0,0
01/10/2015,0,0
02/10/2015,0,0
03/10/2015,0,37
04/10/2015,0,0
05/10/2015,0,0
06/10/2015,0,0
07/10/2015,0,7
08/10/2015,0,14
09/10/2015,0,13
10/10/2015,0,12
11/10/2015,0,17
12/10/2015,0,0
13/10/2015,0,0
14/10/2015,0,0
15/10/2015,0,0
16/10/2015,0,0
17/10/2015,0,0
18/10/2015,0,0
19/10/2015,0,0
20/10/2015,0,0
21/10/2015,0,0
22/10/2015,0,0
23/10/2015,0,0
24/10/2015,0,0
25/10/2015,0,0
26/10/2015,0,0
27/10/2015,0,3
28/10/2015,0,4
29/10/2015,0,28
30/10/2015,0,4
31/10/2015,0,7
01/11/2015,0,4
02/11/2015,10,32
03/11/2015,11,0
04/11/2015,15,31
05/11/2015,16,0
06/11/2015,17,0
07/11/2015,18,0
08/11/2015,29,26
09/11/2015,49,159
10/11/2015,86,82
11/11/2015,160,5
12/11/2015,196,22
13/11/2015,267,147
14/11/2015,375,2
15/11/2015,443,0
16/11/2015,619,277
17/11/2015,698,18
18/11/2015,692,0
19/11/2015,654,0
20/11/2015,625,22
21/11/2015,617,33
22/11/2015,613,45
23/11/2015,654,50
24/11/2015,697,15
25/11/2015,691,0
26/11/2015,668,0
27/11/2015,648,0
28/11/2015,624,0
29/11/2015,607,7
30/11/2015,593,30
01/12/2015,595,36
02/12/2015,804,293
03/12/2015,896,24
04/12/2015,880,18
05/12/2015,809,2
06/12/2015,762,10
07/12/2015,790,75
08/12/2015,795,0
09/12/2015,772,0
10/12/2015,762,0
11/12/2015,731,0
12/12/2015,706,0
13/12/2015,697,0
14/12/2015,697,0
15/12/2015,697,0
16/12/2015,693,0
17/12/2015,691,0
18/12/2015,690,0
19/12/2015,688,0
20/12/2015,680,0
21/12/2015,685,0
22/12/2015,673,0
23/12/2015,692,0
24/12/2015,704,0
25/12/2015,716,0
26/12/2015,725,0
27/12/2015,731,2
28/12/2015,730,0
29/12/2015,727,0
30/12/2015,723,0
31/12/2015,721,0
01/01/2016,717,0
02/01/2016,716,0
03/01/2016,712,0
04/01/2016,707,0
05/01/2016,703,0
06/01/2016,697,0
07/01/2016,692,0
08/01/2016,688,0
09/01/2016,681,0
10/01/2016,673,0
11/01/2016,664,0
12/01/2016,655,0
13/01/2016,648,0
14/01/2016,643,0
15/01/2016,628,0
16/01/2016,628,0
17/01/2016,622,0
18/01/2016,616,0
19/01/2016,610,0
20/01/2016,604,0
21/01/2016,598,0
22/01/2016,593,0
23/01/2016,588,0
24/01/2016,583,0
25/01/2016,578,0
26/01/2016,571,0
27/01/2016,565,0
28/01/2016,559,0
29/01/2016,544,0
30/01/2016,540,0
31/01/2016,537,0
01/02/2016,533,0
02/02/2016,529,0
03/02/2016,525,0
04/02/2016,521,0
05/02/2016,516,0
06/02/2016,511,0
07/02/2016,505,0
08/02/2016,500,0
09/02/2016,495,0
10/02/2016,489,0
11/02/2016,483,0
12/02/2016,477,0
13/02/2016,471,0
14/02/2016,471,0
15/02/2016,459,0
16/02/2016,453,0
17/02/2016,447,0
18/02/2016,441,0
19/02/2016,435,0
20/02/2016,429,0
21/02/2016,423,0
22/02/2016,417,0
23/02/2016,411,0
24/02/2016,405,0
25/02/2016,399,0
26/02/2016,394,0
27/02/2016,389,0
28/02/2016,385,0
29/02/2016,380,0
01/03/2016,376,0
02/03/2016,372,0
03/03/2016,368,0
04/03/2016,364,0
05/03/2016,360,0
06/03/2016,356,0
07/03/2016,352,0
08/03/2016,348,0
09/03/2016,344,0
10/03/2016,340,0
11/03/2016,336,0
12/03/2016,332,0
13/03/2016,328,0
14/03/2016,324,0
15/03/2016,320,0
16/03/2016,316,0
17/03/2016,312,0
18/03/2016,308,0
19/03/2016,304,0
20/03/2016,300,0
21/03/2016,296,0
22/03/2016,292,0
23/03/2016,288,0
24/03/2016,284,0
25/03/2016,284,0
26/03/2016,276,0
27/03/2016,272,0
28/03/2016,268,0
29/03/2016,264,0
30/03/2016,260,0
31/03/2016,256,0
01/04/2016,252,0
02/04/2016,248,0
03/04/2016,244,0
04/04/2016,240,0
05/04/2016,236,0
06/04/2016,232,0
07/04/2016,228,0
08/04/2016,224,0
09/04/2016,220,0
10/04/2016,216,0
11/04/2016,212,0
12/04/2016,208,0
13/04/2016,204,0
14/04/2016,204,0
15/04/2016,196,0
16/04/2016,192,0
17/04/2016,192,0
18/04/2016,184,0
19/04/2016,184,0
20/04/2016,176,0
21/04/2016,172,0
22/04/2016,168,0
23/04/2016,168,0
24/04/2016,160,0
25/04/2016,156,0
26/04/2016,152,0
27/04/2016,148,0
28/04/2016,144,0
29/04/2016,135,0
30/04/2016,127,0
01/05/2016,120,0
02/05/2016,113,0
03/05/2016,106,0
04/05/2016,101,0
05/05/2016,99,0
06/05/2016,97,0
07/05/2016,96,0
08/05/2016,95,0
09/05/2016,94,0
10/05/2016,93,0
11/05/2016,92,0
12/05/2016,90,0
13/05/2016,89,0
14/05/2016,87,0
15/05/2016,87,0
16/05/2016,85,0
17/05/2016,84,37
18/05/2016,91,114
19/05/2016,98,76
20/05/2016,98,0
21/05/2016,96,0
22/05/2016,94,0
23/05/2016,92,0
24/05/2016,91,0
25/05/2016,90,0
26/05/2016,89,0
27/05/2016,88,0
28/05/2016,87,0
29/05/2016,86,0
30/05/2016,85,0
31/05/2016,84,0
01/06/2016,83,0
02/06/2016,82,0
03/06/2016,81,0
04/06/2016,81,0
05/06/2016,80,0
06/06/2016,80,0
07/06/2016,79,3
08/06/2016,82,36
09/06/2016,82,0
10/06/2016,82,0
11/06/2016,82,0
12/06/2016,82,0
13/06/2016,82,0
14/06/2016,82,0
15/06/2016,82,0
16/06/2016,82,0
17/06/2016,82,0
18/06/2016,81,0
19/06/2016,81,0
20/06/2016,81,20
21/06/2016,81,0
22/06/2016,81,2
23/06/2016,81,4
24/06/2016,81,0
25/06/2016,80,1
26/06/2016,80,0
27/06/2016,80,14
28/06/2016,80,0
29/06/2016,80,22
30/06/2016,80,3
01/07/2016,80,0
02/07/2016,79,0
03/07/2016,79,9
04/07/2016,79,0
05/07/2016,79,0
06/07/2016,79,0
07/07/2016,79,4
08/07/2016,79,0
09/07/2016,79,0
10/07/2016,79,0
11/07/2016,79,0
12/07/2016,79,0
13/07/2016,79,0
14/07/2016,79,0
15/07/2016,79,0
16/07/2016,79,0
17/07/2016,79,0
18/07/2016,79,1
19/07/2016,78,2
20/07/2016,77,3
21/07/2016,76,0
22/07/2016,75,0
23/07/2016,74,1
24/07/2016,73,0
25/07/2016,73,1
26/07/2016,73,0
27/07/2016,73,0
28/07/2016,73,0
29/07/2016,73,4
30/07/2016,73,0
31/07/2016,73,0
01/08/2016,73,0
02/08/2016,73,1
03/08/2016,73,0
04/08/2016,73,0
05/08/2016,73,0
06/08/2016,73,0
07/08/2016,73,0
08/08/2016,73,1
09/08/2016,73,0
10/08/2016,73,1
11/08/2016,73,2
12/08/2016,73,0
13/08/2016,73,0
14/08/2016,72,1
15/08/2016,72,0
16/08/2016,72,0
17/08/2016,72,0
18/08/2016,72,0
19/08/2016,72,0
20/08/2016,72,0
21/08/2016,72,0
22/08/2016,72,0
23/08/2016,72,0
24/08/2016,72,1
25/08/2016,71,0
26/08/2016,71,0
27/08/2016,71,0
28/08/2016,71,0
29/08/2016,70,0
30/08/2016,70,3
31/08/2016,69,2
01/09/2016,69,0
02/09/2016,70,83
03/09/2016,69,0
04/09/2016,69,38
05/09/2016,68,0
06/09/2016,67,0
07/09/2016,67,0
08/09/2016,66,0
09/09/2016,66,0
10/09/2016,66,13
11/09/2016,65,0
12/09/2016,65,0
13/09/2016,64,0
14/09/2016,64,0
15/09/2016,63,0
16/09/2016,65,78
17/09/2016,84,20
18/09/2016,93,0
19/09/2016,98,0
20/09/2016,101,0
21/09/2016,104,3
22/09/2016,105,0
23/09/2016,105,0
24/09/2016,104,0
25/09/2016,103,0
26/09/2016,102,0
27/09/2016,101,0
28/09/2016,100,0
29/09/2016,100,14
30/09/2016,100,2
01/10/2016,100,3
02/10/2016,99,0
03/10/2016,98,0
04/10/2016,97,0
05/10/2016,96,0
06/10/2016,95,0
07/10/2016,93,0
08/10/2016,93,0
09/10/2016,92,3
10/10/2016,91,0
11/10/2016,90,0
12/10/2016,89,0
13/10/2016,88,0
14/10/2016,87,0
15/10/2016,86,0
16/10/2016,84,0
17/10/2016,82,0
18/10/2016,80,0
19/10/2016,78,0
20/10/2016,76,0
21/10/2016,74,0
22/10/2016,73,0
23/10/2016,72,0
24/10/2016,72,0
25/10/2016,72,0
26/10/2016,72,0
27/10/2016,72,0
28/10/2016,72,0
29/10/2016,72,0
30/10/2016,71,1
31/10/2016,71,2
01/11/2016,72,15
02/11/2016,73,4
03/11/2016,75,20
04/11/2016,77,6
05/11/2016,78,0
06/11/2016,78,0
07/11/2016,78,0
08/11/2016,78,0
09/11/2016,77,0
10/11/2016,76,0
11/11/2016,75,0
12/11/2016,74,0
13/11/2016,74,0
14/11/2016,74,0
15/11/2016,74,0
16/11/2016,74,0
17/11/2016,74,0
18/11/2016,73,0
19/11/2016,73,0
20/11/2016,73,0
21/11/2016,73,0
22/11/2016,73,0
23/11/2016,73,0
24/11/2016,73,0
25/11/2016,73,0
26/11/2016,73,0
27/11/2016,73,0
28/11/2016,73,0
29/11/2016,73,0
30/11/2016,73,0
01/12/2016,72,0
02/12/2016,73,57
03/12/2016,79,7
04/12/2016,84,20
05/12/2016,84,0
06/12/2016,84,0
07/12/2016,84,0
08/12/2016,84,0
09/12/2016,84,0
10/12/2016,83,0
11/12/2016,82,0
12/12/2016,84,37
13/12/2016,121,110
14/12/2016,118,0
15/12/2016,115,0
16/12/2016,111,0
17/12/2016,111,0
18/12/2016,103,0
19/12/2016,99,0
20/12/2016,95,0
21/12/2016,92,0
22/12/2016,89,0
23/12/2016,88,0
24/12/2016,87,0
25/12/2016,86,0
26/12/2016,85,0
27/12/2016,84,0
28/12/2016,84,0
29/12/2016,83,0
30/12/2016,83,0
31/12/2016,83,0
01/01/2017,82,0
02/01/2017,82,0
03/01/2017,82,0
04/01/2017,82,0
05/01/2017,505,0
06/01/2017,81,0
07/01/2017,81,0
08/01/2017,81,0
09/01/2017,80,0
10/01/2017,80,0
11/01/2017,80,0
12/01/2017,79,0
13/01/2017,79,0
14/01/2017,79,0
15/01/2017,78,0
16/01/2017,78,0
17/01/2017,78,0
18/01/2017,78,0
19/01/2017,78,0
20/01/2017,78,0
21/01/2017,78,0
22/01/2017,77,0
23/01/2017,77,0
24/01/2017,77,0
25/01/2017,77,0
26/01/2017,77,0
27/01/2017,76,3
28/01/2017,75,0
29/01/2017,73,0
30/01/2017,72,0
31/01/2017,71,0
01/02/2017,69,0
02/02/2017,68,0
03/02/2017,67,0
04/02/2017,67,0
05/02/2017,67,0
06/02/2017,62,0
07/02/2017,61,0
08/02/2017,59,0
09/02/2017,58,0
10/02/2017,56,0
11/02/2017,55,0
12/02/2017,53,0
13/02/2017,52,0
14/02/2017,50,0
15/02/2017,49,0
16/02/2017,47,0
17/02/2017,46,0
18/02/2017,46,0
19/02/2017,43,0
20/02/2017,41,0
21/02/2017,40,0
22/02/2017,38,0
23/02/2017,37,0
24/02/2017,35,0
25/02/2017,34,0
26/02/2017,34,0
27/02/2017,31,0
28/02/2017,29,0
01/03/2017,28,0
02/03/2017,26,0
03/03/2017,25,0
04/03/2017,23,0
05/03/2017,22,0
06/03/2017,20,0
07/03/2017,19,0
08/03/2017,17,0
09/03/2017,16,0
10/03/2017,15,0
11/03/2017,14,0
12/03/2017,13,0
13/03/2017,12,0
14/03/2017,11,0
15/03/2017,10,0
16/03/2017,9,0
17/03/2017,8,0
18/03/2017,7,0
19/03/2017,6,0
20/03/2017,6,0
21/03/2017,6,0
22/03/2017,5,0
23/03/2017,4,0
24/03/2017,3,0
25/03/2017,2,0
26/03/2017,1,0
27/03/2017,0,0
28/03/2017,0,0
29/03/2017,0,0
30/03/2017,0,0
31/03/2017,0,0
01/04/2017,0,0
02/04/2017,0,0
03/04/2017,0,0
04/04/2017,0,0
05/04/2017,0,0
06/04/2017,0,0
07/04/2017,0,0
08/04/2017,0,0
09/04/2017,0,0
10/04/2017,0,0
11/04/2017,0,0
12/04/2017,0,0
13/04/2017,0,0
14/04/2017,0,0
15/04/2017,0,0
16/04/2017,0,0
17/04/2017,0,0
18/04/2017,0,0
19/04/2017,0,0
20/04/2017,0,0
21/04/2017,0,0
22/04/2017,0,0
23/04/2017,0,0
24/04/2017,0,0
25/04/2017,0,0
26/04/2017,0,0
27/04/2017,0,0
28/04/2017,0,0
29/04/2017,0,0
30/04/2017,0,0
01/05/2017,0,0
02/05/2017,0,0
03/05/2017,0,0
04/05/2017,0,0
05/05/2017,0,0
06/05/2017,0,0
07/05/2017,0,0
08/05/2017,0,0
09/05/2017,0,0
10/05/2017,0,0
11/05/2017,0,0
12/05/2017,0,0
13/05/2017,0,0
14/05/2017,0,0
15/05/2017,0,0
16/05/2017,0,0
17/05/2017,0,0
18/05/2017,0,0
19/05/2017,0,0
20/05/2017,0,0
21/05/2017,0,0
22/05/2017,0,0
23/05/2017,0,0
24/05/2017,0,0
25/05/2017,0,0
26/05/2017,0,0
27/05/2017,0,0
28/05/2017,0,0
29/05/2017,0,0
30/05/2017,0,12
31/05/2017,0,0
01/06/2017,0,0
02/06/2017,0,0
03/06/2017,0,0
04/06/2017,0,0
05/06/2017,0,0
06/06/2017,0,0
07/06/2017,0,22
08/06/2017,0,0
09/06/2017,0,0
10/06/2017,0,0
11/06/2017,0,0
12/06/2017,0,0
13/06/2017,0,0
14/06/2017,0,0
15/06/2017,0,1
16/06/2017,0,0
17/06/2017,0,1
18/06/2017,0,0
19/06/2017,0,15
20/06/2017,0,17
21/06/2017,0,0
22/06/2017,0,0
23/06/2017,0,0
24/06/2017,0,8
25/06/2017,0,0
26/06/2017,0,7
27/06/2017,0,0
28/06/2017,0,4
29/06/2017,0,0
30/06/2017,0,0
01/07/2017,0,0
02/07/2017,0,0
03/07/2017,0,0
04/07/2017,0,6
05/07/2017,0,0
06/07/2017,0,0
07/07/2017,0,5
08/07/2017,0,6
09/07/2017,0,0
10/07/2017,0,18
11/07/2017,0,0
12/07/2017,0,47
13/07/2017,0,0
14/07/2017,0,0
15/07/2017,0,0
16/07/2017,0,0
17/07/2017,0,0
18/07/2017,0,0
19/07/2017,0,0
20/07/2017,0,1
21/07/2017,0,0
22/07/2017,0,0
23/07/2017,0,0
24/07/2017,0,0
25/07/2017,0,0
26/07/2017,0,0
27/07/2017,0,0
28/07/2017,0,0
29/07/2017,0,0
30/07/2017,0,6
31/07/2017,0,0
01/08/2017,0,0
02/08/2017,0,0
03/08/2017,0,8
04/08/2017,0,0
05/08/2017,0,2
06/08/2017,0,4
07/08/2017,0,4
08/08/2017,0,0
09/08/2017,0,0
10/08/2017,0,34
11/08/2017,0,0
12/08/2017,0,45
13/08/2017,0,0
14/08/2017,0,0
15/08/2017,0,26
16/08/2017,0,0
17/08/2017,0,0
18/08/2017,0,45
19/08/2017,0,76
20/08/2017,5,10
21/08/2017,8,13
22/08/2017,11,2
23/08/2017,13,0
24/08/2017,15,1
25/08/2017,17,7
26/08/2017,19,0
27/08/2017,21,11
28/08/2017,21,0
29/08/2017,21,0
30/08/2017,21,0
31/08/2017,22,15
01/09/2017,22,0
02/09/2017,25,44
03/09/2017,25,4
04/09/2017,25,0
05/09/2017,25,0
06/09/2017,25,0
07/09/2017,25,0
08/09/2017,25,0
09/09/2017,25,10
10/09/2017,25,5
11/09/2017,25,0
12/09/2017,25,5
13/09/2017,25,0
14/09/2017,25,0
15/09/2017,25,0
16/09/2017,25,0
17/09/2017,25,5
18/09/2017,25,2
19/09/2017,26,8
20/09/2017,26,0
21/09/2017,26,0
22/09/2017,26,5
23/09/2017,26,0
24/09/2017,26,0
25/09/2017,26,0
26/09/2017,26,0
27/09/2017,26,0
28/09/2017,26,0
29/09/2017,26,1
30/09/2017,26,10
01/10/2017,36,117
02/10/2017,46,0
03/10/2017,48,0
04/10/2017,51,25
05/10/2017,52,8
06/10/2017,52,0
07/10/2017,60,26
08/10/2017,70,0
09/10/2017,76,0
10/10/2017,78,0
11/10/2017,78,0
12/10/2017,81,15
13/10/2017,83,0
14/10/2017,85,0
15/10/2017,85,0
16/10/2017,85,6
17/10/2017,89,18
18/10/2017,91,2
19/10/2017,91,0
20/10/2017,91,0
21/10/2017,91,0
22/10/2017,91,0
23/10/2017,91,0
24/10/2017,91,0
25/10/2017,91,0
26/10/2017,91,0
27/10/2017,91,3
28/10/2017,91,0
29/10/2017,91,0
30/10/2017,91,12
31/10/2017,120,95
01/11/2017,180,55
02/11/2017,225,25
03/11/2017,250,86
04/11/2017,301,42
05/11/2017,354,30
06/11/2017,412,41
07/11/2017,464,5
08/11/2017,515,45
09/11/2017,541,0
10/11/2017,553,0
11/11/2017,565,4
12/11/2017,567,4
13/11/2017,573,33
14/11/2017,587,40
15/11/2017,607,18
16/11/2017,607,0
17/11/2017,607,0
18/11/2017,617,0
19/11/2017,617,0
20/11/2017,617,0
21/11/2017,615,0
22/11/2017,614,2
23/11/2017,611,0
24/11/2017,608,0
25/11/2017,605,0
26/11/2017,602,0
27/11/2017,599,3
28/11/2017,596,0
29/11/2017,592,0
30/11/2017,590,31
01/12/2017,595,67
02/12/2017,599,0
03/12/2017,602,0
04/12/2017,600,0
05/12/2017,596,0
06/12/2017,592,0
07/12/2017,588,0
08/12/2017,584,0
09/12/2017,580,0
10/12/2017,578,0
11/12/2017,576,0
12/12/2017,573,0
13/12/2017,570,0
14/12/2017,567,0
15/12/2017,564,0
16/12/2017,561,0
17/12/2017,558,0
18/12/2017,555,0
19/12/2017,552,0
20/12/2017,549,0
21/12/2017,546,0
22/12/2017,543,0
23/12/2017,540,1
24/12/2017,537,0
25/12/2017,534,0
26/12/2017,531,0
27/12/2017,528,0
28/12/2017,525,0
29/12/2017,522,0
30/12/2017,519,0
31/12/2017,516,0
01/01/2018,513,0
02/01/2018,511,0
03/01/2018,509,0
04/01/2018,507,0
05/01/2018,505,0
06/01/2018,503,0
07/01/2018,501,0
08/01/2018,499,0
09/01/2018,497,0
10/01/2018,495,0
11/01/2018,493,0
12/01/2018,491,0
13/01/2018,489,0
14/01/2018,487,0
15/01/2018,485,0
16/01/2018,483,0
17/01/2018,481,0
18/01/2018,479,0
19/01/2018,477,0
20/01/2018,475,0
21/01/2018,473,0
22/01/2018,471,0
23/01/2018,469,0
24/01/2018,467,0
25/01/2018,465,0
26/01/2018,463,0
27/01/2018,461,0
28/01/2018,459,0
29/01/2018,457,0
30/01/2018,455,0
31/01/2018,453,0
01/02/2018,451,0
02/02/2018,449,0
03/02/2018,448,0
04/02/2018,446,0
05/02/2018,445,0
06/02/2018,443,0
07/02/2018,442,0
08/02/2018,440,0
09/02/2018,438,0
10/02/2018,437,0
11/02/2018,435,0
12/02/2018,434,0
13/02/2018,432,0
14/02/2018,430,0
15/02/2018,429,0
16/02/2018,427,0
17/02/2018,426,0
18/02/2018,424,0
19/02/2018,423,0
20/02/2018,421,0
21/02/2018,420,0
22/02/2018,418,0
23/02/2018,417,0
24/02/2018,415,0
25/02/2018,414,0
26/02/2018,412,0
27/02/2018,409,0
28/02/2018,403,0
01/03/2018,398,0
02/03/2018,393,0
03/03/2018,389,0
04/03/2018,384,0
05/03/2018,379,0
06/03/2018,374,0
07/03/2018,369,0
08/03/2018,364,0
09/03/2018,359,0
10/03/2018,354,0
11/03/2018,349,0
12/03/2018,344,0
13/03/2018,334,0
14/03/2018,326,0
15/03/2018,318,0
16/03/2018,310,0
17/03/2018,302,1
18/03/2018,294,0
19/03/2018,286,0
20/03/2018,276,0
21/03/2018,266,0
22/03/2018,249,0
23/03/2018,232,0
24/03/2018,214,0
25/03/2018,196,0
26/03/2018,178,0
27/03/2018,160,0
28/03/2018,142,0
29/03/2018,128,0
30/03/2018,115,0
31/03/2018,106,0
01/04/2018,100,0
02/04/2018,96,0
03/04/2018,93,0
04/04/2018,91,0
05/04/2018,89,0
06/04/2018,87,0
07/04/2018,85,0
08/04/2018,83,0
09/04/2018,82,0
10/04/2018,81,0
11/04/2018,80,0
12/04/2018,79,0
13/04/2018,78,0
14/04/2018,77,0
15/04/2018,76,0
16/04/2018,75,0
17/04/2018,74,0
18/04/2018,73,0
19/04/2018,72,0
20/04/2018,72,0
21/04/2018,72,0
22/04/2018,71,0
23/04/2018,71,0
24/04/2018,71,0
25/04/2018,71,0
26/04/2018,71,0
27/04/2018,71,0
28/04/2018,71,0
29/04/2018,70,0
30/04/2018,70,0
01/05/2018,70,0
02/05/2018,70,0
03/05/2018,70,0
04/05/2018,70,0
05/05/2018,70,0
06/05/2018,70,0
07/05/2018,70,0
08/05/2018,70,0
09/05/2018,70,0
10/05/2018,70,0
11/05/2018,70,0
12/05/2018,70,0
13/05/2018,70,0
14/05/2018,70,0
15/05/2018,70,0
16/05/2018,70,0
17/05/2018,70,0
18/05/2018,70,0
19/05/2018,69,0
20/05/2018,69,0
21/05/2018,69,0
22/05/2018,69,0
23/05/2018,69,0
24/05/2018,69,0
25/05/2018,69,0
26/05/2018,69,0
27/05/2018,69,0
28/05/2018,69,0
29/05/2018,69,0
30/05/2018,68,0
31/05/2018,68,0
01/06/2018,68,0
02/06/2018,68,0
03/06/2018,68,0
04/06/2018,68,0
05/06/2018,68,0
06/06/2018,68,0
07/06/2018,68,15
08/06/2018,68,0
09/06/2018,68,0
10/06/2018,68,0
11/06/2018,68,0
12/06/2018,68,0
13/06/2018,68,0
14/06/2018,68,0
15/06/2018,68,0
16/06/2018,68,4
17/06/2018,68,0
18/06/2018,68,3
19/06/2018,68,0
20/06/2018,68,0
21/06/2018,68,0
22/06/2018,68,0
23/06/2018,68,0
24/06/2018,68,2
25/06/2018,68,3
26/06/2018,67,0
27/06/2018,66,0
28/06/2018,65,1
29/06/2018,64,3
30/06/2018,63,0
01/07/2018,61,0
02/07/2018,60,0
03/07/2018,59,22
04/07/2018,58,0
05/07/2018,57,0
06/07/2018,56,0
07/07/2018,55,0
08/07/2018,53,0
09/07/2018,52,0
10/07/2018,51,5
11/07/2018,50,0
12/07/2018,49,14
13/07/2018,48,5
14/07/2018,47,0
15/07/2018,46,0
16/07/2018,44,0
17/07/2018,43,0
18/07/2018,42,0
19/07/2018,41,0
20/07/2018,40,0
21/07/2018,39,0
22/07/2018,38,0
23/07/2018,37,0
24/07/2018,35,0
25/07/2018,34,0
26/07/2018,33,0
27/07/2018,32,0
28/07/2018,31,0
29/07/2018,30,0
30/07/2018,29,0
31/07/2018,27,0
01/08/2018,26,0
02/08/2018,25,0
03/08/2018,24,0
04/08/2018,23,7
05/08/2018,22,28
06/08/2018,21,0
07/08/2018,20,0
08/08/2018,18,0
09/08/2018,17,7
10/08/2018,16,18
11/08/2018,15,7
12/08/2018,13,4
13/08/2018,12,0
14/08/2018,11,0
15/08/2018,10,26
16/08/2018,9,14
17/08/2018,8,6
18/08/2018,7,0
19/08/2018,6,0
20/08/2018,5,0
21/08/2018,4,0
22/08/2018,3,0
23/08/2018,2,0
24/08/2018,1,4
25/08/2018,1,0
26/08/2018,1,4
27/08/2018,1,0
28/08/2018,1,33
29/08/2018,1,0
30/08/2018,1,0
31/08/2018,1,35
01/09/2018,1,13
02/09/2018,1,0
03/09/2018,1,0
04/09/2018,1,0
05/09/2018,1,0
06/09/2018,1,0
07/09/2018,1,0
08/09/2018,1,0
09/09/2018,1,0
10/09/2018,1,0
11/09/2018,1,0
12/09/2018,1,0
13/09/2018,1,0
14/09/2018,1,3
15/09/2018,1,0
16/09/2018,1,0
17/09/2018,1,54
18/09/2018,1,61
19/09/2018,7,27
20/09/2018,8,1
21/09/2018,8,0
22/09/2018,8,0
23/09/2018,8,0
24/09/2018,8,0
25/09/2018,8,0
26/09/2018,8,0
27/09/2018,8,0
28/09/2018,8,0
29/09/2018,8,0
30/09/2018,8,0
01/10/2018,8,0
02/10/2018,8,0
03/10/2018,8,0
04/10/2018,8,19
05/10/2018,11,86
06/10/2018,14,25
07/10/2018,16,25
08/10/2018,17,16
09/10/2018,17,0
10/10/2018,17,0
11/10/2018,17,0
12/10/2018,17,0
13/10/2018,17,0
14/10/2018,17,0
15/10/2018,17,0
16/10/2018,17,0
17/10/2018,17,0
18/10/2018,17,9
19/10/2018,17,0
20/10/2018,17,0
21/10/2018,17,0
22/10/2018,17,0
23/10/2018,17,0
24/10/2018,17,0
25/10/2018,17,0
26/10/2018,17,0
27/10/2018,17,0
28/10/2018,17,0
29/10/2018,17,0
30/10/2018,17,0
31/10/2018,17,15
01/11/2018,20,40
02/11/2018,22,14
03/11/2018,22,0
04/11/2018,22,4
05/11/2018,22,4
06/11/2018,22,0
07/11/2018,22,0
08/11/2018,22,0
09/11/2018,22,0
10/11/2018,22,0
11/11/2018,22,0
12/11/2018,22,0
13/11/2018,22,0
14/11/2018,22,0
15/11/2018,22,4
16/11/2018,22,19
17/11/2018,22,0
18/11/2018,22,0
19/11/2018,22,0
20/11/2018,22,0
21/11/2018,24,19
22/11/2018,30,120
23/11/2018,40,59
24/11/2018,40,7
25/11/2018,40,0
26/11/2018,40,0
27/11/2018,40,0
28/11/2018,40,0
29/11/2018,40,0
30/11/2018,40,0
01/12/2018,40,0
02/12/2018,40,0
03/12/2018,40,0
04/12/2018,42,80
05/12/2018,46,78
06/12/2018,48,17
07/12/2018,48,0
08/12/2018,48,0
09/12/2018,48,0
10/12/2018,48,0
11/12/2018,48,0
12/12/2018,48,0
13/12/2018,48,0
14/12/2018,48,0
15/12/2018,48,0
16/12/2018,48,0
17/12/2018,48,0
18/12/2018,48,0
19/12/2018,48,0
20/12/2018,48,0
21/12/2018,48,0
22/12/2018,48,0
23/12/2018,48,0
24/12/2018,48,0
25/12/2018,48,0
26/12/2018,48,0
27/12/2018,48,0
28/12/2018,48,0
29/12/2018,48,0
30/12/2018,48,0
31/12/2018,48,0
01/01/2019,48,0
02/01/2019,48,0
03/01/2019,48,0
04/01/2019,48,0
05/01/2019,48,0
06/01/2019,48,0
07/01/2019,48,0
08/01/2019,48,0
09/01/2019,48,0
10/01/2019,48,0
11/01/2019,48,0
12/01/2019,48,0
13/01/2019,48,0
14/01/2019,48,0
15/01/2019,48,0
16/01/2019,48,0
17/01/2019,48,0
18/01/2019,48,0
19/01/2019,48,0
20/01/2019,48,0
21/01/2019,48,0
22/01/2019,48,0
23/01/2019,48,0
24/01/2019,48,0
25/01/2019,48,0
26/01/2019,48,0
27/01/2019,48,0
28/01/2019,48,0
29/01/2019,48,0
30/01/2019,48,0
31/01/2019,48,0
01/02/2019,48,0
02/02/2019,48,0
03/02/2019,48,0
04/02/2019,48,0
05/02/2019,48,0
06/02/2019,48,0
07/02/2019,48,0
08/02/2019,48,0
09/02/2019,48,0
10/02/2019,48,0
11/02/2019,48,0
12/02/2019,48,0
13/02/2019,48,0
14/02/2019,48,0
15/02/2019,48,0
16/02/2019,48,0
17/02/2019,48,0
18/02/2019,48,0
19/02/2019,48,0
20/02/2019,48,0
21/02/2019,48,0
22/02/2019,48,0
23/02/2019,48,0
24/02/2019,48,0
25/02/2019,48,0
26/02/2019,48,0
27/02/2019,48,0
28/02/2019,48,0
01/03/2019,48,0
02/03/2019,48,0
03/03/2019,48,0
04/03/2019,48,0
05/03/2019,48,0
06/03/2019,47,0
07/03/2019,47,0
08/03/2019,47,0
09/03/2019,47,0
10/03/2019,47,0
11/03/2019,47,0
12/03/2019,47,0
13/03/2019,47,0
14/03/2019,47,0
15/03/2019,47,0
16/03/2019,47,0
17/03/2019,47,0
18/03/2019,47,0
19/03/2019,47,0
20/03/2019,47,0
21/03/2019,47,0
22/03/2019,47,0
23/03/2019,47,0
24/03/2019,47,0
25/03/2019,47,0
26/03/2019,47,0
27/03/2019,46,0
28/03/2019,46,0
29/03/2019,45,0
30/03/2019,44,0
31/03/2019,44,0
01/04/2019,42,0
02/04/2019,41,0
03/04/2019,40,0
04/04/2019,39,0
05/04/2019,38,0
06/04/2019,37,0
07/04/2019,36,0
08/04/2019,35,0
09/04/2019,34,0
10/04/2019,33,0
11/04/2019,32,0
12/04/2019,31,0
13/04/2019,30,0
14/04/2019,29,0
15/04/2019,28,0
16/04/2019,27,0
17/04/2019,26,0
18/04/2019,25,0
19/04/2019,24,0
20/04/2019,23,0
21/04/2019,21,0
22/04/2019,20,0
23/04/2019,19,3
24/04/2019,17,0
25/04/2019,16,0
26/04/2019,15,0
27/04/2019,14,0
28/04/2019,13,0
29/04/2019,13,0
30/04/2019,12,0
01/05/2019,11,0
02/05/2019,10,0
03/05/2019,9,0
04/05/2019,9,0
05/05/2019,8,0
06/05/2019,8,0
07/05/2019,7,0
08/05/2019,7,0
09/05/2019,6,0
10/05/2019,6,0
11/05/2019,5,0
12/05/2019,5,0
13/05/2019,4,0
14/05/2019,4,0
15/05/2019,4,0
16/05/2019,4,0
17/05/2019,4,0
18/05/2019,4,0
19/05/2019,4,0
20/05/2019,3,0
21/05/2019,3,0
22/05/2019,3,0
23/05/2019,3,0
24/05/2019,3,0
25/05/2019,2,0
26/05/2019,2,0
27/05/2019,2,0
28/05/2019,2,0
29/05/2019,2,0
30/05/2019,2,0
31/05/2019,2,0
01/06/2019,1,0
02/06/2019,1,0
03/06/2019,1,0
04/06/2019,1,0
05/06/2019,1,0
06/06/2019,1,0
07/06/2019,1,0
08/06/2019,1,0
09/06/2019,1,0
10/06/2019,0,0
11/06/2019,0,0
12/06/2019,0,0
13/06/2019,0,0
14/06/2019,0,0
15/06/2019,0,0
16/06/2019,0,0
17/06/2019,0,0
18/06/2019,0,0
19/06/2019,0,0
20/06/2019,0,0
21/06/2019,0,0
22/06/2019,0,0
23/06/2019,0,1
24/06/2019,0,1
25/06/2019,0,0
26/06/2019,0,0
27/06/2019,0,12
28/06/2019,0,0
29/06/2019,0,0
30/06/2019,0,0
01/07/2019,0,0
02/07/2019,0,0
03/07/2019,0,0
04/07/2019,0,0
05/07/2019,0,0
06/07/2019,0,0
07/07/2019,0,0
08/07/2019,0,0
09/07/2019,0,0
10/07/2019,0,3
11/07/2019,0,0
12/07/2019,0,0
13/07/2019,0,0
14/07/2019,0,0
15/07/2019,0,0
16/07/2019,0,9
17/07/2019,0,0
18/07/2019,0,0
19/07/2019,0,26
20/07/2019,0,0
21/07/2019,0,2
22/07/2019,0,0
23/07/2019,0,2
24/07/2019,0,43
25/07/2019,0,7
26/07/2019,0,14
27/07/2019,0,0
28/07/2019,0,0
29/07/2019,0,0
30/07/2019,0,0
31/07/2019,0,0
01/08/2019,0,0
02/08/2019,0,0
03/08/2019,0,0
04/08/2019,0,0
05/08/2019,0,0
06/08/2019,0,2
07/08/2019,0,0
08/08/2019,0,0
09/08/2019,0,4
10/08/2019,0,0
11/08/2019,0,0
12/08/2019,0,0
13/08/2019,0,0
14/08/2019,0,0
15/08/2019,0,58
16/08/2019,0,0
17/08/2019,0,28
18/08/2019,0,8
19/08/2019,0,52
20/08/2019,0,0
21/08/2019,0,19
22/08/2019,0,0
23/08/2019,0,27
24/08/2019,0,0
25/08/2019,0,0
26/08/2019,0,0
27/08/2019,0,0
28/08/2019,0,0
29/08/2019,0,31
30/08/2019,0,0
31/08/2019,0,28
01/09/2019,0,7
02/09/2019,0,2
03/09/2019,0,0
04/09/2019,0,13
05/09/2019,0,11
06/09/2019,0,0
07/09/2019,0,0
08/09/2019,0,0
09/09/2019,0,0
10/09/2019,0,0
11/09/2019,0,16
12/09/2019,0,28
13/09/2019,0,0
14/09/2019,0,4
15/09/2019,0,0
16/09/2019,0,4
17/09/2019,0,5
18/09/2019,0,0
19/09/2019,0,135
20/09/2019,30,39
21/09/2019,43,0
22/09/2019,48,0
23/09/2019,51,18
24/09/2019,52,4
25/09/2019,52,0
26/09/2019,52,33
27/09/2019,53,0
28/09/2019,53,0
29/09/2019,53,0
30/09/2019,54,6
01/10/2019,54,0
02/10/2019,54,0
03/10/2019,54,0
04/10/2019,54,0
05/10/2019,54,0
06/10/2019,54,0
07/10/2019,54,0
08/10/2019,54,0
09/10/2019,54,0
10/10/2019,54,0
11/10/2019,57,9
12/10/2019,57,0
13/10/2019,57,0
14/10/2019,57,0
15/10/2019,57,34
16/10/2019,61,87
17/10/2019,65,27
18/10/2019,74,16
19/10/2019,78,7
20/10/2019,82,14
21/10/2019,98,30
22/10/2019,104,35
23/10/2019,107,8
24/10/2019,109,9
25/10/2019,109,0
26/10/2019,111,49
27/10/2019,111,0
28/10/2019,113,24
29/10/2019,115,40
30/10/2019,121,66
31/10/2019,159,47
01/11/2019,194,3
02/11/2019,208,0
03/11/2019,222,0
04/11/2019,233,0
05/11/2019,233,0
06/11/2019,228,0
07/11/2019,222,0
08/11/2019,214,0
09/11/2019,205,0
10/11/2019,197,0
11/11/2019,189,0
12/11/2019,180,0
13/11/2019,172,0
14/11/2019,164,5
15/11/2019,155,15
16/11/2019,147,0
17/11/2019,138,0
18/11/2019,130,3
19/11/2019,122,0
20/11/2019,115,46
21/11/2019,112,11
22/11/2019,109,0
23/11/2019,107,0
24/11/2019,105,0
25/11/2019,103,0
26/11/2019,101,0
27/11/2019,99,0
28/11/2019,97,4
29/11/2019,95,18
30/11/2019,94,9
01/12/2019,96,76
02/12/2019,131,98
03/12/2019,201,0
04/12/2019,228,0
05/12/2019,238,0
06/12/2019,243,0
07/12/2019,243,0
08/12/2019,236,6
09/12/2019,228,0
10/12/2019,219,0
11/12/2019,210,0
12/12/2019,201,0
13/12/2019,192,0
14/12/2019,183,0
15/12/2019,174,4
16/12/2019,165,0
17/12/2019,156,6
18/12/2019,147,2
19/12/2019,139,0
20/12/2019,131,0
21/12/2019,123,0
22/12/2019,115,0
23/12/2019,108,0
